SNo.,Movie Name,Duration (min),Year,Ratings,Metascore,Director 1,Director 2,Director 3,Director 4,Director 5,Director 6
1,The Dark Knight,152,2008,9,84,Christopher Nolan,,,,,
2,The Lord of the Rings: The Return of the King,201,2003,9,94,Peter Jackson,,,,,
3,Inception,148,2010,8.8,74,Christopher Nolan,,,,,
4,The Lord of the Rings: The Fellowship of the Ring,178,2001,8.8,92,Peter Jackson,,,,,
5,The Lord of the Rings: The Two Towers,179,2002,8.8,87,Peter Jackson,,,,,
6,The Matrix,136,1999,8.7,73,Lana Wachowski,Lilly Wachowski,,,,
7,Star Wars: Episode V - The Empire Strikes Back,124,1980,8.7,82,Irvin Kershner,,,,,
8,Soorarai Pottru,153,2020,8.7,,Sudha Kongara,,,,,
9,Star Wars: Episode IV - A New Hope,121,1977,8.6,90,George Lucas,,,,,
10,Terminator 2: Judgment Day,137,1991,8.6,75,James Cameron,,,,,
11,Seven Samurai,207,1954,8.6,98,Akira Kurosawa,,,,,
12,Harakiri,133,1962,8.6,85,Masaki Kobayashi,,,,,
13,Sita Ramam,163,2022,8.6,,Hanu Raghavapudi,,,,,
14,Léon: The Professional,110,1994,8.5,64,Luc Besson,,,,,
15,Gladiator,155,2000,8.5,67,Ridley Scott,,,,,
16,Spider-Man: Into the Spider-Verse,117,2018,8.4,87,Bob Persichetti,Peter Ramsey,Rodney Rothman,,,
17,Avengers: Endgame,181,2019,8.4,78,Anthony Russo,Joe Russo,,,,
18,Indiana Jones and the Raiders of the Lost Ark,115,1981,8.4,85,Steven Spielberg,,,,,
19,Avengers: Infinity War,149,2018,8.4,68,Anthony Russo,Joe Russo,,,,
20,Oldboy (2003),101,2003,8.4,77,Park Chan-wook,,,,,
21,The Dark Knight Rises,164,2012,8.4,78,Christopher Nolan,,,,,
22,Aliens,137,1986,8.4,84,James Cameron,,,,,
23,Kaithi,145,2019,8.4,,Lokesh Kanagaraj,,,,,
24,Asuran,141,2019,8.4,,Vetrimaaran,,,,,
25,Top Gun: Maverick,130,2022,8.3,78,Joseph Kosinski,,,,,
26,Heat,170,1995,8.3,76,Michael Mann,,,,,
27,Star Wars: Episode VI - Return of the Jedi,131,1983,8.3,58,Richard Marquand,,,,,
28,Princess Mononoke,134,1997,8.3,76,Hayao Miyazaki,,,,,
29,North by Northwest,136,1959,8.3,98,Alfred Hitchcock,,,,,
30,Kantara,148,2022,8.3,,Rishab Shetty,,,,,
31,Dangal,161,2016,8.3,,Nitesh Tiwari,,,,,
32,K.G.F: Chapter 2,168,2022,8.3,,Prashanth Neel,,,,,
33,Vikram,175,2022,8.3,,Lokesh Kanagaraj,,,,,
34,Raatchasan,170,2018,8.3,,Ram Kumar,,,,,
35,Shershaah,135,2021,8.3,,Vishnuvardhan,,,,,
36,Guardians of the Galaxy Vol. 3,150,2023,8.2,64,James Gunn,,,,,
37,Spider-Man: No Way Home,148,2021,8.2,71,Jon Watts,,,,,
38,Jurassic Park,127,1993,8.2,68,Steven Spielberg,,,,,
39,Indiana Jones and the Last Crusade,127,1989,8.2,65,Steven Spielberg,,,,,
40,1917,119,2019,8.2,78,Sam Mendes,,,,,
41,Kill Bill: Vol. 1,111,2003,8.2,69,Quentin Tarantino,,,,,
42,Batman Begins,140,2005,8.2,70,Christopher Nolan,,,,,
43,Die Hard,132,1988,8.2,72,John McTiernan,,,,,
44,V for Vendetta,132,2005,8.2,62,James McTeigue,,,,,
45,Demon Slayer the Movie: Mugen Train,117,2020,8.2,72,Haruo Sotozaki,,,,,
46,Ran,162,1985,8.2,97,Akira Kurosawa,,,,,
47,Gangs of Wasseypur,321,2012,8.2,89,Anurag Kashyap,,,,,
48,Vikram Vedha,147,2017,8.2,,Gayatri,Pushkar,Gowtham Selvaraj,,,
49,Baahubali 2: The Conclusion,167,2017,8.2,,S.S. Rajamouli,,,,,
50,Yojimbo,110,1961,8.2,93,Akira Kurosawa,,,,,
51,Uri: The Surgical Strike,138,2019,8.2,,Aditya Dhar,,,,,
52,K.G.F: Chapter 1,156,2018,8.2,,Prashanth Neel,,,,,
53,Sherlock Jr.,45,1924,8.2,,Buster Keaton,,,,,
54,Rangasthalam 1985,170,2018,8.2,,Sukumar,,,,,
55,The Mountain II,,2016,8.2,,Alper Caglar,,,,,
56,Paan Singh Tomar,135,2012,8.2,,Tigmanshu Dhulia,,,,,
57,Mad Max: Fury Road,120,2015,8.1,90,George Miller,,,,,
58,Ford v Ferrari,152,2019,8.1,81,James Mangold,,,,,
59,Pirates of the Caribbean: The Curse of the Black Pearl,143,2003,8.1,63,Gore Verbinski,,,,,
60,Blade Runner,117,1982,8.1,84,Ridley Scott,,,,,
61,The Terminator,107,1984,8.1,84,James Cameron,,,,,
62,Logan,137,2017,8.1,77,James Mangold,,,,,
63,"Lock, Stock and Two Smoking Barrels",107,1998,8.1,66,Guy Ritchie,,,,,
64,How to Train Your Dragon,98,2010,8.1,75,Dean DeBlois,Chris Sanders,,,,
65,Warrior,140,2011,8.1,71,Gavin O'Connor,,,,,
66,Rush,123,2013,8.1,74,Ron Howard,,,,,
67,The Iron Giant,86,1999,8.1,85,Brad Bird,,,,,
68,Neon Genesis Evangelion: The End of Evangelion,87,1997,8.1,,Hideaki Anno,Kazuya Tsurumaki,,,,
69,Sholay,162,1975,8.1,,Ramesh Sippy,,,,,
70,Bajrangi Bhaijaan,163,2015,8.1,,Kabir Khan,Mehmet Tutkun,,,,
71,The General,67,1926,8.1,,Clyde Bruckman,Buster Keaton,,,,
72,The Hidden Fortress,126,1958,8.1,89,Akira Kurosawa,,,,,
73,White Heat,114,1949,8.1,,Raoul Walsh,,,,,
74,A Wednesday,104,2008,8.1,,Neeraj Pandey,,,,,
75,Major,150,2022,8.1,,Sashi Kiran Tikka,,,,,
76,Sarfarosh,174,1999,8.1,,John Mathew Matthan,,,,,
77,Hera Pheri,156,2000,8.1,,Priyadarshan,,,,,
78,Kaththi,166,2014,8.1,,A.R. Murugadoss,,,,,
79,Thuppakki,165,2012,8.1,,A.R. Murugadoss,,,,,
80,John Wick: Chapter 4,169,2023,8,78,Chad Stahelski,,,,,
81,Guardians of the Galaxy,121,2014,8,76,James Gunn,,,,,
82,Dune (2021),155,2021,8,74,Denis Villeneuve,,,,,
83,Blade Runner 2049,164,2017,8,81,Denis Villeneuve,,,,,
84,Deadpool,108,2016,8,65,Tim Miller,,,,,
85,The Avengers (2012),143,2012,8,69,Joss Whedon,,,,,
86,Zack Snyder's Justice League,242,2021,8,54,Zack Snyder,,,,,
87,The Incredibles,115,2004,8,90,Brad Bird,,,,,
88,Casino Royale,144,2006,8,80,Martin Campbell,,,,,
89,The Revenant,156,2015,8,76,Alejandro G. Iñárritu,,,,,
90,Akira,124,1988,8,67,Katsuhiro Ôtomo,,,,,
91,Kill Bill: Vol. 2,137,2004,8,83,Quentin Tarantino,,,,,
92,Ip Man,106,2008,8,59,Wilson Yip,,,,,
93,The Bourne Ultimatum,115,2007,8,85,Paul Greengrass,,,,,
94,Baahubali: The Beginning,159,2015,8,,S.S. Rajamouli,,,,,
95,Infernal Affairs,101,2002,8,75,Andrew Lau,Alan Mak,,,,
96,Wolfwalkers,103,2020,8,87,Tomm Moore,Ross Stewart,,,,
97,Elite Squad,115,2007,8,33,José Padilha,,,,,
98,Haider,160,2014,8,,Vishal Bhardwaj,,,,,
99,Sanjuro,96,1962,8,,Akira Kurosawa,,,,,
100,Elite Squad 2: The Enemy Within,115,2010,8,71,José Padilha,,,,,
101,Tae Guk Gi: The Brotherhood of War,140,2004,8,64,Je-kyu Kang,,,,,
102,Andaz Apna Apna,160,1994,8,,Rajkumar Santoshi,,,,,
103,Karthikeya 2,150,2022,8,,Chandoo Mondeti,,,,,
104,Arjun Reddy,182,2017,8,,Sandeep Reddy Vanga,,,,,
105,1: Nenokkadine,170,2014,8,,Sukumar,,,,,
106,The Breath,,2009,8,,Levent Semerci,,,,,
107,Thor: Ragnarok,130,2017,7.9,74,Taika Waititi,,,,,
108,Avatar,162,2009,7.9,83,James Cameron,,,,,
109,Iron Man,126,2008,7.9,79,Jon Favreau,,,,,
110,Star Trek,127,2009,7.9,82,J.J. Abrams,,,,,
111,Edge of Tomorrow,113,2014,7.9,71,Doug Liman,,,,,
112,Children of Men,109,2006,7.9,84,Alfonso Cuarón,,,,,
113,X-Men: Days of Future Past,132,2014,7.9,75,Bryan Singer,,,,,
114,District 9,112,2009,7.9,81,Neill Blomkamp,,,,,
115,The Bourne Identity,119,2002,7.9,68,Doug Liman,,,,,
116,The Blues Brothers,133,1980,7.9,60,John Landis,,,,,
117,"Crouching Tiger, Hidden Dragon",120,2000,7.9,94,Ang Lee,,,,,
118,Ghost in the Shell (1995),83,1995,7.9,76,Mamoru Oshii,,,,,
119,A Fistful of Dollars,99,1964,7.9,65,Sergio Leone,,,,,
120,The Raid 2,150,2014,7.9,71,Gareth Evans,,,,,
121,The Wild Bunch,135,1969,7.9,98,Sam Peckinpah,,,,,
122,Hero,120,2002,7.9,85,Yimou Zhang,,,,,
123,Letters from Iwo Jima,141,2006,7.9,89,Clint Eastwood,,,,,
124,A Taxi Driver,137,2017,7.9,69,Hun Jang,,,,,
125,The Adventures of Robin Hood,102,1938,7.9,97,Michael Curtiz,William Keighley,,,,
126,Baby,159,2015,7.9,,Neeraj Pandey,,,,,
127,Airlift,130,2016,7.9,,Raja Menon,,,,,
128,Vishwaroopam,148,2013,7.9,,Kamal Haasan,,,,,
129,Everything Everywhere All at Once,139,2022,7.8,81,Daniel Kwan,Daniel Scheinert,,,,
130,The Batman,176,2022,7.8,72,Matt Reeves,,,,,
131,RRR,187,2022,7.8,83,S.S. Rajamouli,,,,,
132,The Gentlemen,113,2019,7.8,51,Guy Ritchie,,,,,
133,All Quiet on the Western Front,148,2022,7.8,76,Edward Berger,,,,,
134,Drive,100,2011,7.8,78,Nicolas Winding Refn,,,,,
135,Rogue One: A Star Wars Story,133,2016,7.8,65,Gareth Edwards,,,,,
136,Star Wars: Episode VII - The Force Awakens,138,2015,7.8,80,J.J. Abrams,,,,,
137,Apocalypto,139,2006,7.8,68,Mel Gibson,,,,,
138,Dunkirk,106,2017,7.8,94,Christopher Nolan,,,,,
139,Ghostbusters (1984),105,1984,7.8,71,Ivan Reitman,,,,,
140,Predator,107,1987,7.8,47,John McTiernan,,,,,
141,Hot Fuzz,121,2007,7.8,81,Edgar Wright,,,,,
142,Captain America: Civil War,147,2016,7.8,75,Anthony Russo,Joe Russo,,,,
143,Taken,90,2008,7.8,51,Pierre Morel,,,,,
144,Skyfall,143,2012,7.8,81,Sam Mendes,,,,,
145,Captain America: The Winter Soldier,136,2014,7.8,70,Anthony Russo,Joe Russo,,,,
146,The Fugitive,130,1993,7.8,87,Andrew Davis,,,,,
147,Big Hero 6,102,2014,7.8,74,Don Hall,Chris Williams,,,,
148,Captain Phillips,134,2013,7.8,82,Paul Greengrass,,,,,
149,I Saw the Devil,144,2010,7.8,67,Jee-woon Kim,,,,,
150,The Last Samurai,154,2003,7.8,55,Edward Zwick,,,,,
151,Serenity,119,2005,7.8,74,Joss Whedon,,,,,
152,Thirteen Lives,147,2022,7.8,66,Ron Howard,,,,,
153,The Fighter,116,2010,7.8,79,David O. Russell,,,,,
154,How to Train Your Dragon 2,102,2014,7.8,77,Dean DeBlois,,,,,
155,The Chaser,125,2008,7.8,64,Na Hong-jin,,,,,
156,"Aguirre, the Wrath of God",95,1972,7.8,,Werner Herzog,,,,,
157,Ninja Scroll,94,1993,7.8,,Yoshiaki Kawajiri,,,,,
158,Batman: Mask of the Phantasm,76,1993,7.8,65,Eric Radomski,Kevin Altieri,Boyd Kirkland,Frank Paur,Dan Riba,Bruce Timm
159,The Killer,111,1989,7.8,82,John Woo,,,,,
160,Cowboy Bebop: The Movie,115,2001,7.8,61,Shin'ichirô Watanabe,Tensai Okamura,Hiroyuki Okiura,Yoshiyuki Takei,,
161,Knockin' on Heaven's Door,87,1997,7.8,,Thomas Jahn,,,,,
162,Minnal Murali,158,2021,7.8,,Basil Joseph,,,,,
163,Avatar: The Way of Water,192,2022,7.7,67,James Cameron,,,,,
164,Kingsman: The Secret Service,129,2014,7.7,60,Matthew Vaughn,,,,,
165,Star Trek Into Darkness,132,2013,7.7,72,J.J. Abrams,,,,,
166,Mission: Impossible - Fallout,147,2018,7.7,86,Christopher McQuarrie,,,,,
167,Black Hawk Down,144,2001,7.7,74,Ridley Scott,,,,,
168,The Count of Monte Cristo,131,2002,7.7,61,Kevin Reynolds,,,,,
169,3:10 to Yuma,122,2007,7.7,76,James Mangold,,,,,
170,The Last of the Mohicans,112,1992,7.7,76,Michael Mann,,,,,
171,The Lego Movie,100,2014,7.7,83,Phil Lord,Christopher Miller,,,,
172,X-Men: First Class,131,2011,7.7,65,Matthew Vaughn,,,,,
173,Training Day,122,2001,7.7,69,Antoine Fuqua,,,,,
174,The Dirty Dozen,150,1967,7.7,73,Robert Aldrich,,,,,
175,Man on Fire,146,2004,7.7,47,Tony Scott,,,,,
176,First Blood,93,1982,7.7,61,Ted Kotcheff,,,,,
177,The Magnificent Seven (1960),128,1960,7.7,74,John Sturges,,,,,
178,Kung Fu Hustle,99,2004,7.7,78,Stephen Chow,,,,,
179,The Boondock Saints,108,1999,7.7,44,Troy Duffy,,,,,
180,Goldfinger,110,1964,7.7,87,Guy Hamilton,,,,,
181,The Longest Day,178,1962,7.7,75,Ken Annakin,Andrew Marton,Gerd Oswald,Bernhard Wicki,Darryl F. Zanuck,
182,Dirty Harry,102,1971,7.7,87,Don Siegel,Clint Eastwood,,,,
183,Star Trek II: The Wrath of Khan,113,1982,7.7,68,Nicholas Meyer,,,,,
184,The Bourne Supremacy,108,2004,7.7,73,Paul Greengrass,,,,,
185,Bonnie and Clyde,111,1967,7.7,86,Arthur Penn,,,,,
186,The French Connection,104,1971,7.7,94,William Friedkin,,,,,
187,Badlands,94,1973,7.7,93,Terrence Malick,,,,,
188,Run Lola Run,80,1998,7.7,77,Tom Tykwer,,,,,
189,Kubo and the Two Strings,101,2016,7.7,84,Travis Knight,,,,,
190,Ponniyin Selvan: Part I,167,2022,7.7,,Mani Ratnam,,,,,
191,Key Largo,100,1948,7.7,,John Huston,,,,,
192,The Man from Nowhere,119,2010,7.7,,Jeong-beom Lee,,,,,
193,Hard Boiled,128,1992,7.7,,John Woo,,,,,
194,Scarface,93,1932,7.7,90,Howard Hawks,Richard Rosson,,,,
195,Dragon Ball Super: Broly,100,2018,7.7,59,Tatsuya Nagamine,,,,,
196,Joint Security Area,110,2000,7.7,58,Park Chan-wook,,,,,
197,Eega,145,2012,7.7,,S.S. Rajamouli,,,,,
198,Udta Punjab,148,2016,7.7,,Abhishek Chaubey,,,,,
199,Raazi,138,2018,7.7,,Meghna Gulzar,,,,,
200,Guardians of the Galaxy Vol. 2,136,2017,7.6,67,James Gunn,,,,,
201,The Fifth Element,126,1997,7.6,52,Luc Besson,,,,,
202,Sicario,121,2015,7.6,82,Denis Villeneuve,,,,,
203,300,117,2006,7.6,52,Zack Snyder,,,,,
204,Baby Driver,113,2017,7.6,86,Edgar Wright,,,,,
205,Star Wars: Episode III - Revenge of the Sith,140,2005,7.6,68,George Lucas,,,,,
206,Deadpool 2,119,2018,7.6,66,David Leitch,,,,,
207,Watchmen,162,2009,7.6,56,Zack Snyder,,,,,
208,Harry Potter and the Half-Blood Prince,153,2009,7.6,78,David Yates,,,,,
209,Kung Fu Panda,92,2008,7.6,74,Mark Osborne,John Stevenson,,,,
210,RoboCop (1987),102,1987,7.6,70,Paul Verhoeven,,,,,
211,Train to Busan,118,2016,7.6,73,Sang-ho Yeon,,,,,
212,The Warriors,93,1979,7.6,65,Walter Hill,,,,,
213,Creed,133,2015,7.6,82,Ryan Coogler,,,,,
214,Incredibles 2,118,2018,7.6,80,Brad Bird,,,,,
215,The Road Warrior,96,1981,7.6,77,George Miller,,,,,
216,Kick-Ass,117,2010,7.6,66,Matthew Vaughn,,,,,
217,Falling Down,113,1993,7.6,56,Joel Schumacher,,,,,
218,Zombieland,88,2009,7.6,73,Ruben Fleischer,,,,,
219,Minority Report,145,2002,7.6,80,Steven Spielberg,,,,,
220,Sherlock Holmes,128,2009,7.6,57,Guy Ritchie,,,,,
221,Rise of the Planet of the Apes,105,2011,7.6,68,Rupert Wyatt,,,,,
222,The Raid: Redemption,101,2011,7.6,73,Gareth Evans,,,,,
223,Dawn of the Planet of the Apes,130,2014,7.6,79,Matt Reeves,,,,,
224,Where Eagles Dare,158,1968,7.6,63,Brian G. Hutton,,,,,
225,End of Watch,109,2012,7.6,68,David Ayer,,,,,
226,Lethal Weapon,109,1987,7.6,68,Richard Donner,,,,,
227,Battle Royale,114,2000,7.6,81,Kinji Fukasaku,,,,,
228,Enter the Dragon,102,1973,7.6,83,Robert Clouse,,,,,
229,Die Hard with a Vengeance,128,1995,7.6,58,John McTiernan,,,,,
230,Star Trek: First Contact,111,1996,7.6,71,Jonathan Frakes,,,,,
231,Hotel Mumbai,123,2018,7.6,62,Anthony Maras,,,,,
232,Only the Brave,134,2017,7.6,72,Joseph Kosinski,,,,,
233,Escape from Alcatraz,112,1979,7.6,76,Don Siegel,,,,,
234,United 93,111,2006,7.6,90,Paul Greengrass,,,,,
235,The Taking of Pelham One Two Three,104,1974,7.6,68,Joseph Sargent,,,,,
236,Vampire Hunter D: Bloodlust,103,2000,7.6,62,Jack Fletcher,Yoshiaki Kawajiri,,,,
237,Fearless,104,2006,7.6,70,Ronny Yu,,,,,
238,Pushpa: The Rise - Part 1,179,2021,7.6,,Sukumar,,,,,
239,Ludo,149,2020,7.6,,Anurag Basu,,,,,
240,Evangelion: 1.0 You Are (Not) Alone,98,2007,7.6,66,Masayuki,Kazuya Tsurumaki,Hideaki Anno,,,
241,Cell 211,113,2009,7.6,,Daniel Monzón,,,,,
242,Lupin III: The Castle of Cagliostro,102,1979,7.6,72,Hayao Miyazaki,,,,,
243,The Boy and the Beast,119,2015,7.6,65,Mamoru Hosoda,,,,,
244,Mortal World,,2018,7.6,,Ali Atay,,,,,
245,The Covenant (2023),123,2023,7.5,63,Guy Ritchie,,,,,
246,It's a Mad Mad Mad Mad World,210,1963,7.5,59,Stanley Kramer,,,,,
247,Indiana Jones and the Temple of Doom,118,1984,7.5,57,Steven Spielberg,,,,,
248,Lone Survivor,121,2013,7.5,60,Peter Berg,,,,,
249,Batman,126,1989,7.5,69,Tim Burton,,,,,
250,Scott Pilgrim vs. the World,112,2010,7.5,69,Edgar Wright,,,,,
251,Harry Potter and the Order of the Phoenix,138,2007,7.5,71,David Yates,,,,,
252,Fury,134,2014,7.5,64,David Ayer,,,,,
253,The Hunger Games: Catching Fire,146,2013,7.5,76,Francis Lawrence,,,,,
254,Upgrade,100,2018,7.5,67,Leigh Whannell,,,,,
255,The Crow,102,1994,7.5,71,Alex Proyas,,,,,
256,Total Recall (1990),113,1990,7.5,60,Paul Verhoeven,,,,,
257,Doctor Strange,115,2016,7.5,72,Scott Derrickson,,,,,
258,Master and Commander: The Far Side of the World,138,2003,7.5,81,Peter Weir,,,,,
259,Collateral,120,2004,7.5,71,Michael Mann,,,,,
260,Enemy at the Gates,131,2001,7.5,53,Jean-Jacques Annaud,,,,,
261,Riders of Justice,116,2020,7.5,81,Anders Thomas Jensen,,,,,
262,Source Code,93,2011,7.5,74,Duncan Jones,,,,,
263,Munich,164,2005,7.5,74,Steven Spielberg,,,,,
264,The Hunt for Red October,135,1990,7.5,58,John McTiernan,,,,,
265,Grindhouse,191,2007,7.5,77,Robert Rodriguez,Eli Roth,Quentin Tarantino,Edgar Wright,Rob Zombie,
266,Midnight Run,126,1988,7.5,78,Martin Brest,,,,,
267,The Guns of Navarone,158,1961,7.5,72,J. Lee Thompson,,,,,
268,Tora! Tora! Tora!,144,1970,7.5,46,Richard Fleischer,Kinji Fukasaku,Toshio Masuda,Akira Kurosawa,,
269,Headhunters,100,2011,7.5,72,Morten Tyldum,,,,,
270,Police Story,100,1985,7.5,78,Jackie Chan,Chi-Hwa Chen,,,,
271,Ip Man 2,108,2010,7.5,67,Wilson Yip,,,,,
272,13 Assassins,141,2010,7.5,84,Takashi Miike,,,,,
273,New World,135,2013,7.5,58,Park Hoon-jung,,,,,
274,House of Flying Daggers,119,2004,7.5,89,Yimou Zhang,,,,,
275,A Bittersweet Life,119,2005,7.5,,Jee-woon Kim,,,,,
276,The Legend of Drunken Master,102,1994,7.5,74,Chia-Liang Liu,Jackie Chan,,,,
277,Tanhaji: The Unsung Warrior,135,2020,7.5,,Om Raut,,,,,
278,The Blind Swordsman: Zatoichi,116,2003,7.5,75,Takeshi Kitano,,,,,
279,Mesrine: Killer Instinct,113,2008,7.5,71,Jean-François Richet,,,,,
280,Jodhaa Akbar,213,2008,7.5,69,Ashutosh Gowariker,,,,,
281,Delhi Belly,103,2011,7.5,66,Abhinay Deo,Akshat Verma,,,,
282,Mersal,172,2017,7.5,,Atlee,,,,,
283,To Strike,,2013,7.5,,Bilal Lashari,,,,,
284,John Wick,101,2014,7.4,68,Chad Stahelski,David Leitch,,,,
285,John Wick: Chapter 3 - Parabellum,130,2019,7.4,73,Chad Stahelski,,,,,
286,John Wick: Chapter 2,122,2017,7.4,75,Chad Stahelski,,,,,
287,Shang-Chi and the Legend of the Ten Rings,132,2021,7.4,71,Destin Daniel Cretton,,,,,
288,Spider-Man: Homecoming,133,2017,7.4,73,Jon Watts,,,,,
289,Nobody,92,2021,7.4,64,Ilya Naishuller,,,,,
290,Spider-Man,121,2002,7.4,73,Sam Raimi,,,,,
291,Ready Player One,140,2018,7.4,64,Steven Spielberg,,,,,
292,Mission: Impossible - Rogue Nation,131,2015,7.4,75,Christopher McQuarrie,,,,,
293,Mission: Impossible - Ghost Protocol,132,2011,7.4,73,Brad Bird,,,,,
294,The Last Duel,152,2021,7.4,67,Ridley Scott,,,,,
295,Wonder Woman,141,2017,7.4,76,Patty Jenkins,,,,,
296,Superman,143,1978,7.4,82,Richard Donner,,,,,
297,Spider-Man: Far from Home,129,2019,7.4,69,Jon Watts,,,,,
298,Spider-Man 2,127,2004,7.4,83,Sam Raimi,,,,,
299,The Rock,136,1996,7.4,58,Michael Bay,,,,,
300,Predestination,97,2014,7.4,69,Michael Spierig,Peter Spierig,,,,
301,Looper,119,2012,7.4,84,Rian Johnson,,,,,
302,A History of Violence,96,2005,7.4,82,David Cronenberg,,,,,
303,Law Abiding Citizen,109,2009,7.4,34,F. Gary Gray,,,,,
304,X2: X-Men United,134,2003,7.4,68,Bryan Singer,,,,,
305,War for the Planet of the Apes,140,2017,7.4,82,Matt Reeves,,,,,
306,How to Train Your Dragon: The Hidden World,104,2019,7.4,71,Dean DeBlois,,,,,
307,Sherlock Holmes: A Game of Shadows,129,2011,7.4,48,Guy Ritchie,,,,,
308,Bullitt,114,1968,7.4,81,Peter Yates,,,,,
309,From Russia with Love,115,1963,7.4,83,Terence Young,,,,,
310,Open Range,139,2003,7.4,67,Kevin Costner,,,,,
311,Thief,123,1981,7.4,78,Michael Mann,,,,,
312,Mission Majnu,129,2023,7.4,,Shantanu Bagchi,,,,,
313,Black Dynamite,84,2009,7.4,65,Scott Sanders,,,,,
314,Rurouni Kenshin Part I: Origins,134,2012,7.4,,Keishi Otomo,,,,,
315,Drunken Master,111,1978,7.4,68,Woo-Ping Yuen,,,,,
316,Summer Wars,114,2009,7.4,63,Mamoru Hosoda,,,,,
317,Mesrine: Public Enemy No. 1,133,2008,7.4,72,Jean-François Richet,,,,,
318,Dungeons & Dragons: Honor Among Thieves,134,2023,7.3,72,John Francis Daley,Jonathan Goldstein,,,,
319,Bullet Train,127,2022,7.3,49,David Leitch,,,,,
320,Fast Five,130,2011,7.3,66,Justin Lin,,,,,
321,Tenet,150,2020,7.3,69,Christopher Nolan,,,,,
322,Ant-Man,117,2015,7.3,64,Peyton Reed,,,,,
323,Starship Troopers,129,1997,7.3,52,Paul Verhoeven,,,,,
324,No Time to Die,163,2021,7.3,68,Cary Joji Fukunaga,,,,,
325,True Lies,141,1994,7.3,63,James Cameron,,,,,
326,Men in Black,98,1997,7.3,71,Barry Sonnenfeld,,,,,
327,The Accountant,128,2016,7.3,51,Gavin O'Connor,,,,,
328,The Nice Guys,116,2016,7.3,70,Shane Black,,,,,
329,Dawn of the Dead,101,2004,7.3,59,Zack Snyder,,,,,
330,Black Panther,134,2018,7.3,88,Ryan Coogler,,,,,
331,Speed,116,1994,7.3,78,Jan de Bont,,,,,
332,Avengers: Age of Ultron,141,2015,7.3,66,Joss Whedon,,,,,
333,Beverly Hills Cop,105,1984,7.3,66,Martin Brest,,,,,
334,Face/Off,138,1997,7.3,82,John Woo,,,,,
335,X-Men,104,2000,7.3,64,Bryan Singer,,,,,
336,13 Hours,144,2016,7.3,48,Michael Bay,,,,,
337,Alita: Battle Angel,122,2019,7.3,53,Robert Rodriguez,,,,,
338,American Sniper,133,2014,7.3,72,Clint Eastwood,,,,,
339,The Karate Kid (1984),126,1984,7.3,60,John G. Avildsen,,,,,
340,El Camino: A Breaking Bad Movie,122,2019,7.3,72,Vince Gilligan,,,,,
341,Pirates of the Caribbean: Dead Man's Chest,151,2006,7.3,53,Gore Verbinski,,,,,
342,Raya and the Last Dragon,107,2021,7.3,74,Don Hall,Carlos López Estrada,Paul Briggs,John Ripa,,
343,The Lego Batman Movie,104,2017,7.3,75,Chris McKay,,,,,
344,Equilibrium,107,2002,7.3,33,Kurt Wimmer,,,,,
345,Patriots Day,133,2016,7.3,69,Peter Berg,,,,,
346,Southpaw,124,2015,7.3,57,Antoine Fuqua,,,,,
347,Layer Cake,105,2004,7.3,73,Matthew Vaughn,,,,,
348,Megamind,95,2010,7.3,63,Tom McGrath,,,,,
349,Eye in the Sky,102,2015,7.3,73,Gavin Hood,,,,,
350,The Adventures of Tintin,107,2011,7.3,68,Steven Spielberg,,,,,
351,Enemy of the State,132,1998,7.3,67,Tony Scott,,,,,
352,Okja,120,2017,7.3,75,Bong Joon Ho,,,,,
353,To Live and Die in L.A.,116,1985,7.3,81,William Friedkin,,,,,
354,The Next Three Days,133,2010,7.3,52,Paul Haggis,,,,,
355,The Negotiator,140,1998,7.3,62,F. Gary Gray,,,,,
356,Invictus,134,2009,7.3,74,Clint Eastwood,,,,,
357,Nikita,117,1990,7.3,56,Luc Besson,,,,,
358,Star Trek IV: The Voyage Home,119,1986,7.3,71,Leonard Nimoy,,,,,
359,Crimson Tide,116,1995,7.3,66,Tony Scott,,,,,
360,Grosse Pointe Blank,107,1997,7.3,76,George Armitage,,,,,
361,Running Scared,122,2006,7.3,41,Wayne Kramer,,,,,
362,Shaolin Soccer,87,2001,7.3,68,Stephen Chow,,,,,
363,Assault on Precinct 13 (1976),91,1976,7.3,89,John Carpenter,,,,,
364,Jason and the Argonauts,104,1963,7.3,69,Don Chaffey,,,,,
365,The Getaway,123,1972,7.3,55,Sam Peckinpah,,,,,
366,Red Cliff,148,2008,7.3,73,John Woo,,,,,
367,Bacurau,131,2019,7.3,82,Juliano Dornelles,Kleber Mendonça Filho,,,,
368,Get Carter (1971),112,1971,7.3,80,Mike Hodges,,,,,
369,Ghajini,186,2008,7.3,,A.R. Murugadoss,,,,,
370,Max Manus: Man of War,118,2008,7.3,60,Joachim Rønning,Espen Sandberg,,,,
371,The Baader Meinhof Complex,150,2008,7.3,76,Uli Edel,,,,,
372,Master,178,2021,7.3,,Lokesh Kanagaraj,,,,,
373,The Suicide Squad,132,2021,7.2,72,James Gunn,,,,,
374,The Hunger Games,142,2012,7.2,68,Gary Ross,,,,,
375,From Dusk Till Dawn,108,1996,7.2,48,Robert Rodriguez,,,,,
376,The Equalizer,132,2014,7.2,57,Antoine Fuqua,,,,,
377,Willow,126,1988,7.2,47,Ron Howard,,,,,
378,Point Break (1991),122,1991,7.2,59,Kathryn Bigelow,,,,,
379,The Man from U.N.C.L.E.,116,2015,7.2,56,Guy Ritchie,,,,,
380,Kingdom of Heaven,144,2005,7.2,63,Ridley Scott,,,,,
381,21 Jump Street,109,2012,7.2,69,Phil Lord,Christopher Miller,,,,
382,Natural Born Killers,119,1994,7.2,74,Oliver Stone,,,,,
383,GoldenEye,130,1995,7.2,65,Martin Campbell,,,,,
384,Unbroken,137,2014,7.2,59,Angelina Jolie,,,,,
385,The Matrix Reloaded,138,2003,7.2,62,Lana Wachowski,Lilly Wachowski,,,,
386,They Live,94,1988,7.2,55,John Carpenter,,,,,
387,King Kong,187,2005,7.2,81,Peter Jackson,,,,,
388,The Patriot,165,2000,7.2,63,Roland Emmerich,,,,,
389,I Am Legend,101,2007,7.2,65,Francis Lawrence,,,,,
390,The Life Aquatic with Steve Zissou,119,2004,7.2,62,Wes Anderson,,,,,
391,The Croods,98,2013,7.2,55,Kirk DeMicco,Chris Sanders,,,,
392,Big Trouble in Little China,99,1986,7.2,53,John Carpenter,,,,,
393,Rango,107,2011,7.2,75,Gore Verbinski,,,,,
394,RocknRolla,114,2008,7.2,53,Guy Ritchie,,,,,
395,Old Henry,99,2021,7.2,69,Potsy Ponciroli,,,,,
396,Dr. No,110,1962,7.2,78,Terence Young,,,,,
397,Friday Night Lights,118,2004,7.2,70,Peter Berg,,,,,
398,Team America: World Police,98,2004,7.2,64,Trey Parker,,,,,
399,Ronin,122,1998,7.2,67,John Frankenheimer,,,,,
400,Kung Fu Panda 2,90,2011,7.2,67,Jennifer Yuh Nelson,,,,,
401,Batman v Superman: Dawn of Justice (Ultimate Edition),182,2016,7.2,,Zack Snyder,,,,,
402,Runaway Train,111,1985,7.2,67,Andrey Konchalovskiy,,,,,
403,Star Trek VI: The Undiscovered Country,110,1991,7.2,65,Nicholas Meyer,,,,,
404,The Italian Job (1969),99,1969,7.2,70,Peter Collinson,,,,,
405,Anthropoid,120,2016,7.2,59,Sean Ellis,,,,,
406,War Horse,146,2011,7.2,72,Steven Spielberg,,,,,
407,Magnum Force,124,1973,7.2,58,Ted Post,,,,,
408,In the Line of Fire,128,1993,7.2,74,Wolfgang Petersen,,,,,
409,Silverado,133,1985,7.2,64,Lawrence Kasdan,,,,,
410,Rise of the Guardians,97,2012,7.2,58,Peter Ramsey,,,,,
411,The Way of the Dragon,90,1972,7.2,58,Bruce Lee,,,,,
412,Vanishing Point,99,1971,7.2,61,Richard C. Sarafian,,,,,
413,Lethal Weapon 2,114,1989,7.2,70,Richard Donner,,,,,
414,The Transformers: The Movie,84,1986,7.2,43,Nelson Shin,,,,,
415,Arlington Road,117,1999,7.2,65,Mark Pellington,,,,,
416,Kon-Tiki,118,2012,7.2,62,Joachim Rønning,Espen Sandberg,,,,
417,The Hitcher,97,1986,7.2,32,Robert Harmon,,,,,
418,The Witcher: Nightmare of the Wolf,83,2021,7.2,67,Kwang Il Han,,,,,
419,Django,91,1966,7.2,75,Sergio Corbucci,,,,,
420,The Siege of Jadotville,108,2016,7.2,,Richie Smyth,,,,,
421,'71,99,2014,7.2,83,Yann Demange,,,,,
422,Bajirao Mastani,158,2015,7.2,,Sanjay Leela Bhansali,,,,,
423,Fist of Fury,107,1972,7.2,68,Wei Lo,,,,,
424,Harry Brown,103,2009,7.2,55,Daniel Barber,,,,,
425,The Good the Bad the Weird,130,2008,7.2,69,Jee-woon Kim,,,,,
426,Marshland,105,2014,7.2,,Alberto Rodríguez,,,,,
427,Final Fantasy VII: Advent Children,101,2005,7.2,,Tetsuya Nomura,Takeshi Nozue,,,,
428,Mongol: The Rise of Genghis Khan,126,2007,7.2,74,Sergei Bodrov,,,,,
429,Holiday: A Soldier is Never Off Duty,160,2014,7.2,,A.R. Murugadoss,,,,,
430,Furious 7,137,2015,7.1,67,James Wan,,,,,
431,The Mummy (1999),124,1999,7.1,48,Stephen Sommers,,,,,
432,Mission: Impossible,110,1996,7.1,59,Brian De Palma,,,,,
433,Free Guy,115,2021,7.1,62,Shawn Levy,,,,,
434,Wrath of Man,119,2021,7.1,57,Guy Ritchie,,,,,
435,Tropic Thunder,107,2008,7.1,71,Ben Stiller,,,,,
436,Prey,100,2022,7.1,71,Dan Trachtenberg,,,,,
437,Man of Steel,143,2013,7.1,55,Zack Snyder,,,,,
438,Everest,121,2015,7.1,64,Baltasar Kormákur,,,,,
439,Blade,120,1998,7.1,47,Stephen Norrington,,,,,
440,Shooter,124,2007,7.1,53,Antoine Fuqua,,,,,
441,Batman Returns,126,1992,7.1,68,Tim Burton,,,,,
442,Highlander,116,1986,7.1,24,Russell Mulcahy,,,,,
443,Iron Man 3,130,2013,7.1,62,Shane Black,,,,,
444,WarGames,114,1983,7.1,77,John Badham,,,,,
445,Dredd,95,2012,7.1,60,Pete Travis,,,,,
446,Snowpiercer,126,2013,7.1,84,Bong Joon Ho,,,,,
447,Pirates of the Caribbean: At World's End,169,2007,7.1,50,Gore Verbinski,,,,,
448,American Made,115,2017,7.1,65,Doug Liman,,,,,
449,Creed II,130,2018,7.1,66,Steven Caple Jr.,,,,,
450,DC League of Super-Pets,105,2022,7.1,56,Jared Stern,Sam J. Levine,,,,
451,Desperado,104,1995,7.1,55,Robert Rodriguez,,,,,
452,"I, Robot",115,2004,7.1,59,Alex Proyas,,,,,
453,Escape from New York,99,1981,7.1,76,John Carpenter,,,,,
454,We Were Soldiers,138,2002,7.1,65,Randall Wallace,,,,,
455,Live Free or Die Hard,128,2007,7.1,69,Len Wiseman,,,,,
456,Allied,124,2016,7.1,60,Robert Zemeckis,,,,,
457,The Poseidon Adventure,117,1972,7.1,70,Ronald Neame,,,,,
458,Kung Fu Panda 3,95,2016,7.1,66,Alessandro Carloni,Jennifer Yuh Nelson,,,,
459,Planet Terror,105,2007,7.1,,Robert Rodriguez,,,,,
460,Casualties of War,113,1989,7.1,75,Brian De Palma,,,,,
461,No Way Out,114,1987,7.1,77,Roger Donaldson,,,,,
462,Rocky Balboa,102,2006,7.1,63,Sylvester Stallone,,,,,
463,Deepwater Horizon,107,2016,7.1,68,Peter Berg,,,,,
464,Deja Vu,126,2006,7.1,59,Tony Scott,,,,,
465,Defiance,137,2008,7.1,58,Edward Zwick,,,,,
466,Three Kings,114,1999,7.1,82,David O. Russell,,,,,
467,Die Hard 2,124,1990,7.1,67,Renny Harlin,,,,,
468,Brawl in Cell Block 99,132,2017,7.1,79,S. Craig Zahler,,,,,
469,Payback,100,1999,7.1,46,Brian Helgeland,,,,,
470,Flags of Our Fathers,135,2006,7.1,79,Clint Eastwood,,,,,
471,Ong-Bak: The Thai Warrior,105,2003,7.1,69,Prachya Pinkaew,,,,,
472,Megan Leavey,116,2017,7.1,66,Gabriela Cowperthwaite,,,,,
473,District B13,84,2004,7.1,70,Pierre Morel,,,,,
474,Mosul,101,2019,7.1,71,Matthew Michael Carnahan,,,,,
475,The Girl Who Played with Fire,129,2009,7.1,66,Daniel Alfredson,,,,,
476,God Bless America,105,2011,7.1,56,Bobcat Goldthwait,,,,,
477,In Order of Disappearance,116,2014,7.1,74,Hans Petter Moland,,,,,
478,Kaabil,139,2017,7.1,,Sanjay Gupta,,,,,
479,JCVD,97,2008,7.1,64,Mabrouk El Mechri,,,,,
480,Dragon Ball Z: Battle of Gods,85,2013,7.1,,Masahiro Hosoda,,,,,
481,Don,171,2006,7.1,,Farhan Akhtar,,,,,
482,Micmacs,105,2009,7.1,62,Jean-Pierre Jeunet,,,,,
483,Koi... Mil Gaya,171,2003,7.1,,Rakesh Roshan,,,,,
484,Fanaa,168,2006,7.1,,Kunal Kohli,,,,,
485,Marighella,,2019,7.1,,Wagner Moura,,,,,
486,Enthiran,174,2010,7.1,,S. Shankar,,,,,
487,Gabbar Is Back,128,2015,7.1,,Radha Krishna Jagarlamudi,,,,,
488,Sisu,91,2022,7,70,Jalmari Helander,,,,,
489,Thor,115,2011,7,57,Kenneth Branagh,,,,,
490,Fast & Furious 6,130,2013,7,61,Justin Lin,,,,,
491,Shazam!,132,2019,7,71,David F. Sandberg,,,,,
492,The Unbearable Weight of Massive Talent,107,2022,7,68,Tom Gormican,,,,,
493,Transformers,144,2007,7,61,Michael Bay,,,,,
494,The Northman,137,2022,7,82,Robert Eggers,,,,,
495,Ant-Man and the Wasp,118,2018,7,70,Peyton Reed,,,,,
496,Independence Day,145,1996,7,59,Roland Emmerich,,,,,
497,Jack Reacher,130,2012,7,50,Christopher McQuarrie,,,,,
498,World War Z,116,2013,7,63,Marc Forster,,,,,
499,Death Proof,127,2007,7,,Quentin Tarantino,,,,,
500,Super 8,112,2011,7,72,J.J. Abrams,,,,,
501,Constantine,121,2005,7,50,Francis Lawrence,,,,,
502,Star Trek Beyond,122,2016,7,68,Justin Lin,,,,,
503,Cloverfield,85,2008,7,64,Matt Reeves,,,,,
504,Rush Hour,98,1998,7,60,Brett Ratner,,,,,
505,The Italian Job,111,2003,7,68,F. Gary Gray,,,,,
506,Smokey and the Bandit,96,1977,7,50,Hal Needham,,,,,
507,Oblivion,124,2013,7,54,Joseph Kosinski,,,,,
508,Pitch Black,109,2000,7,49,David Twohy,,,,,
509,Stargate,116,1994,7,42,Roland Emmerich,,,,,
510,Sicario: Day of the Soldado,122,2018,7,61,Stefano Sollima,,,,,
511,Greyhound,91,2020,7,64,Aaron Schneider,,,,,
512,Brotherhood of the Wolf,142,2001,7,57,Christophe Gans,,,,,
513,Den of Thieves,140,2018,7,49,Christian Gudegast,,,,,
514,RED,111,2010,7,60,Robert Schwentke,,,,,
515,Underworld,121,2003,7,42,Len Wiseman,,,,,
516,Spy,120,2015,7,75,Paul Feig,,,,,
517,Real Steel,127,2011,7,56,Shawn Levy,,,,,
518,Logan Lucky,118,2017,7,78,Steven Soderbergh,,,,,
519,22 Jump Street,112,2014,7,71,Phil Lord,Christopher Miller,,,,
520,Bronson,92,2008,7,71,Nicolas Winding Refn,,,,,
521,Public Enemies,140,2009,7,70,Michael Mann,,,,,
522,The Last Boy Scout,105,1991,7,52,Tony Scott,,,,,
523,Chronicle,84,2012,7,69,Josh Trank,,,,,
524,Chip 'n Dale: Rescue Rangers,97,2022,7,66,Akiva Schaffer,,,,,
525,A Most Violent Year,125,2014,7,79,J.C. Chandor,,,,,
526,Body of Lies,128,2008,7,57,Ridley Scott,,,,,
527,Rambo,92,2008,7,46,Sylvester Stallone,,,,,
528,Fallen,124,1998,7,,Gregory Hoblit,,,,,
529,9,79,2009,7,60,Shane Acker,,,,,
530,Hellboy II: The Golden Army,120,2008,7,78,Guillermo del Toro,,,,,
531,The Foreigner,113,2017,7,55,Martin Campbell,,,,,
532,The Towering Inferno,165,1974,7,69,John Guillermin,,,,,
533,Ip Man 4: The Finale,107,2019,7,62,Wilson Yip,,,,,
534,The Kingdom,110,2007,7,56,Peter Berg,,,,,
535,Filth,97,2013,7,56,Jon S. Baird,,,,,
536,The Spy Who Loved Me,125,1977,7,55,Lewis Gilbert,,,,,
537,Spy Game,126,2001,7,63,Tony Scott,,,,,
538,Maverick,127,1994,7,62,Richard Donner,,,,,
539,Ichi the Killer,129,2001,7,55,Takashi Miike,,,,,
540,Thunderbolt and Lightfoot,115,1974,7,62,Michael Cimino,,,,,
541,Juice,95,1992,7,60,Ernest R. Dickerson,,,,,
542,The War of the Worlds,85,1953,7,78,Byron Haskin,,,,,
543,Son of Rambow,96,2007,7,66,Garth Jennings,,,,,
544,An Action Hero,130,2022,7,,Anirudh Iyer,,,,,
545,Taxi (1998),89,1998,7,,Gérard Pirès,,,,,
546,Unleashed,103,2005,7,58,Louis Leterrier,,,,,
547,Ip Man 3,105,2015,7,57,Wilson Yip,,,,,
548,Dragon: The Bruce Lee Story,120,1993,7,69,Rob Cohen,,,,,
549,The Protector,111,2005,7,52,Prachya Pinkaew,,,,,
550,Curse of the Golden Flower,114,2006,7,70,Yimou Zhang,,,,,
551,Don 2,148,2011,7,49,Farhan Akhtar,,,,,
552,Sultan,170,2016,7,,Ali Abbas Zafar,,,,,
553,Kabir Singh,173,2019,7,,Sandeep Reddy Vanga,,,,,
554,Main Hoon Na,179,2004,7,,Farah Khan,,,,,
555,Vikrant Rona,148,2022,7,,Anup Bhandari,,,,,
556,The Warlords,126,2007,7,70,Peter Ho-Sun Chan,Wai-Man Yip,,,,
557,The Legend Is Born: Ip Man,100,2010,7,,Herman Yau,,,,,
558,Top Gun,109,1986,6.9,50,Tony Scott,,,,,
559,The Last Kingdom: Seven Kings Must Die,111,2023,6.9,48,Edward Bazalgette,,,,,
560,Conan the Barbarian (1982),129,1982,6.9,43,John Milius,,,,,
561,Doctor Strange in the Multiverse of Madness,126,2022,6.9,60,Sam Raimi,,,,,
562,Clash of the Titans (1981),118,1981,6.9,59,Desmond Davis,,,,,
563,Game Night,100,2018,6.9,66,John Francis Daley,Jonathan Goldstein,,,,
564,Jumanji: Welcome to the Jungle,119,2017,6.9,58,Jake Kasdan,,,,,
565,Captain America: The First Avenger,124,2011,6.9,66,Joe Johnston,,,,,
566,The Mask,101,1994,6.9,56,Chuck Russell,,,,,
567,Mission: Impossible III,126,2006,6.9,66,J.J. Abrams,,,,,
568,Solo: A Star Wars Story,135,2018,6.9,62,Ron Howard,,,,,
569,Thunderball,130,1965,6.9,64,Terence Young,,,,,
570,The Amazing Spider-Man,136,2012,6.9,66,Marc Webb,,,,,
571,Jurassic World,124,2015,6.9,59,Colin Trevorrow,,,,,
572,Star Wars: Episode VIII - The Last Jedi,152,2017,6.9,84,Rian Johnson,,,,,
573,A Knight's Tale,132,2001,6.9,56,Brian Helgeland,,,,,
574,Con Air,115,1997,6.9,52,Simon West,,,,,
575,X-Men: Apocalypse,144,2016,6.9,52,Bryan Singer,,,,,
576,Pacific Rim,131,2013,6.9,65,Guillermo del Toro,,,,,
577,Iron Man 2,124,2010,6.9,57,Jon Favreau,,,,,
578,Romancing the Stone,106,1984,6.9,63,Robert Zemeckis,,,,,
579,National Treasure,131,2004,6.9,40,Jon Turteltaub,,,,,
580,Robin Hood: Prince of Thieves,143,1991,6.9,51,Kevin Reynolds,,,,,
581,Atlantis: The Lost Empire,95,2001,6.9,52,Gary Trousdale,Kirk Wise,,,,
582,The Hitman's Bodyguard,118,2017,6.9,47,Patrick Hughes,,,,,
583,Dragged Across Concrete,159,2018,6.9,60,S. Craig Zahler,,,,,
584,Love and Monsters,109,2020,6.9,63,Michael Matthews,,,,,
585,28 Weeks Later,100,2007,6.9,78,Juan Carlos Fresnadillo,,,,,
586,Outlaw King,121,2018,6.9,59,David Mackenzie,,,,,
587,The World's End,109,2013,6.9,81,Edgar Wright,,,,,
588,Pineapple Express,111,2008,6.9,64,David Gordon Green,,,,,
589,In the Heart of the Sea,122,2015,6.9,47,Ron Howard,,,,,
590,Crank,88,2006,6.9,57,Mark Neveldine,Brian Taylor,,,,
591,48 Hrs.,96,1982,6.9,71,Walter Hill,,,,,
592,Clear and Present Danger,141,1994,6.9,74,Phillip Noyce,,,,,
593,Death Wish (1974),93,1974,6.9,51,Michael Winner,,,,,
594,The Edge,117,1997,6.9,66,Lee Tamahori,,,,,
595,Non-Stop,106,2014,6.9,56,Jaume Collet-Serra,,,,,
596,The Last Castle,131,2001,6.9,43,Rod Lurie,,,,,
597,The Guardian,139,2006,6.9,53,Andrew Davis,,,,,
598,Westworld,88,1973,6.9,77,Michael Crichton,,,,,
599,The Night Comes for Us,121,2018,6.9,69,Timo Tjahjanto,,,,,
600,Repo Man,92,1984,6.9,82,Alex Cox,,,,,
601,The Monster Squad,79,1987,6.9,61,Fred Dekker,,,,,
602,Free State of Jones,139,2016,6.9,53,Gary Ross,,,,,
603,Legend of the Guardians: The Owls of Ga'Hoole,97,2010,6.9,53,Zack Snyder,,,,,
604,Get the Gringo,96,2012,6.9,60,Adrian Grunberg,,,,,
605,Muppet Treasure Island,99,1996,6.9,64,Brian Henson,David Lane,,,,
606,All Is Lost,106,2013,6.9,87,J.C. Chandor,,,,,
607,Memphis Belle,107,1990,6.9,59,Michael Caton-Jones,,,,,
608,Slow West,84,2015,6.9,72,John Maclean,,,,,
609,The Big Boss,99,1971,6.9,,Wei Lo,Chia-Hsiang Wu,,,,
610,New Police Story,123,2004,6.9,,Benny Chan,,,,,
611,Agneepath,174,2012,6.9,,Karan Malhotra,,,,,
612,Alan Partridge,90,2013,6.9,66,Declan Lowney,,,,,
613,Traitor,114,2008,6.9,61,Jeffrey Nachmanoff,,,,,
614,Fan,142,2016,6.9,,Maneesh Sharma,,,,,
615,The Fast and the Furious,106,2001,6.8,58,Rob Cohen,,,,,
616,The Woman King,135,2022,6.8,77,Gina Prince-Bythewood,,,,,
617,The Magnificent Seven,132,2016,6.8,54,Antoine Fuqua,,,,,
618,Aquaman,143,2018,6.8,55,James Wan,,,,,
619,Ready or Not,95,2019,6.8,64,Matt Bettinelli-Olpin,Tyler Gillett,,,,
620,Thor: The Dark World,112,2013,6.8,54,Alan Taylor,,,,,
621,Mad Max,88,1979,6.8,73,George Miller,,,,,
622,Captain Marvel,123,2019,6.8,64,Anna Boden,Ryan Fleck,,,,
623,Men in Black 3,106,2012,6.8,58,Barry Sonnenfeld,,,,,
624,The Maze Runner,113,2014,6.8,57,Wes Ball,,,,,
625,The Book of Eli,118,2010,6.8,53,Albert Hughes,Allen Hughes,,,,
626,TRON: Legacy,125,2010,6.8,49,Joseph Kosinski,,,,,
627,What Happened to Monday,123,2017,6.8,47,Tommy Wirkola,,,,,
628,Spectre,148,2015,6.8,60,Sam Mendes,,,,,
629,Boss Level,100,2020,6.8,56,Joe Carnahan,,,,,
630,Bad Boys,119,1995,6.8,41,Michael Bay,,,,,
631,Kisi Ka Bhai Kisi Ki Jaan,145,2023,6.8,,Farhad Samji,,,,,
632,The Long Kiss Goodnight,121,1996,6.8,44,Renny Harlin,,,,,
633,The Island,136,2005,6.8,50,Michael Bay,,,,,
634,News of the World,118,2020,6.8,73,Paul Greengrass,,,,,
635,The Transporter,92,2002,6.8,51,Louis Leterrier,Corey Yuen,,,,
636,Hellboy (2004),122,2004,6.8,72,Guillermo del Toro,,,,,
637,The Outpost,123,2019,6.8,71,Rod Lurie,,,,,
638,Chappie,120,2015,6.8,41,Neill Blomkamp,,,,,
639,Ghostbusters,117,2016,6.8,60,Paul Feig,,,,,
640,Bloodsport,92,1988,6.8,29,Newt Arnold,,,,,
641,Young Guns,107,1988,6.8,50,Christopher Cain,,,,,
642,The Mask of Zorro,136,1998,6.8,63,Martin Campbell,,,,,
643,Logan's Run,119,1976,6.8,53,Michael Anderson,,,,,
644,Hanna,111,2011,6.8,65,Joe Wright,,,,,
645,Patriot Games,117,1992,6.8,64,Phillip Noyce,,,,,
646,Superman II,127,1980,6.8,83,Richard Lester,Richard Donner,,,,
647,Unstoppable,98,2010,6.8,69,Tony Scott,,,,,
648,You Only Live Twice,117,1967,6.8,61,Lewis Gilbert,,,,,
649,Street Kings,109,2008,6.8,55,David Ayer,,,,,
650,The Score,124,2001,6.8,71,Frank Oz,,,,,
651,Shin Godzilla,120,2016,6.8,67,Hideaki Anno,Shinji Higuchi,,,,
652,Four Brothers,109,2005,6.8,49,John Singleton,,,,,
653,Innerspace,120,1987,6.8,66,Joe Dante,,,,,
654,Spies in Disguise,102,2019,6.8,54,Nick Bruno,Troy Quane,,,,
655,Dog Soldiers,105,2002,6.8,,Neil Marshall,,,,,
656,Three Steps Above Heaven,118,2010,6.8,,Fernando González Molina,,,,,
657,Unknown,113,2011,6.8,56,Jaume Collet-Serra,,,,,
658,El Mariachi,81,1992,6.8,73,Robert Rodriguez,,,,,
659,Enemy Mine,108,1985,6.8,59,Wolfgang Petersen,,,,,
660,Tristan + Isolde,125,2006,6.8,49,Kevin Reynolds,,,,,
661,Harsh Times,116,2005,6.8,56,David Ayer,,,,,
662,Green Zone,115,2010,6.8,63,Paul Greengrass,,,,,
663,We Own the Night,117,2007,6.8,59,James Gray,,,,,
664,Who Am I?,108,1998,6.8,,Benny Chan,Jackie Chan,,,,
665,Dead Snow 2: Red vs. Dead,100,2014,6.8,59,Tommy Wirkola,,,,,
666,The Legend,161,2022,6.8,,Jerry,Joseph D. Sami,,,,
667,Black Panther: Wakanda Forever,161,2022,6.7,67,Ryan Coogler,,,,,
668,Extraction,116,2020,6.7,56,Sam Hargrave,,,,,
669,Kingsman: The Golden Circle,141,2017,6.7,44,Matthew Vaughn,,,,,
670,Black Widow,134,2021,6.7,68,Cate Shortland,,,,,
671,Jumanji: The Next Level,123,2019,6.7,58,Jake Kasdan,,,,,
672,Violent Night,112,2022,6.7,55,Tommy Wirkola,,,,,
673,In Time,109,2011,6.7,53,Andrew Niccol,,,,,
674,Safe House,115,2012,6.7,52,Daniel Espinosa,,,,,
675,The Running Man,101,1987,6.7,45,Paul Michael Glaser,,,,,
676,Road House,114,1989,6.7,36,Rowdy Herrington,,,,,
677,The Adam Project,106,2022,6.7,55,Shawn Levy,,,,,
678,Bumblebee,114,2018,6.7,66,Travis Knight,,,,,
679,No Escape,103,2015,6.7,38,John Erick Dowdle,,,,,
680,Warcraft,123,2016,6.7,32,Duncan Jones,,,,,
681,Armageddon,151,1998,6.7,42,Michael Bay,,,,,
682,The Equalizer 2,121,2018,6.7,50,Antoine Fuqua,,,,,
683,The Wolverine,126,2013,6.7,61,James Mangold,,,,,
684,Commando,90,1985,6.7,51,Mark L. Lester,,,,,
685,Midway,138,2019,6.7,47,Roland Emmerich,,,,,
686,The A-Team,117,2010,6.7,47,Joe Carnahan,,,,,
687,King Arthur: Legend of the Sword,126,2017,6.7,41,Guy Ritchie,,,,,
688,Atomic Blonde,115,2017,6.7,63,David Leitch,,,,,
689,Backdraft,137,1991,6.7,38,Ron Howard,,,,,
690,Wanted (2008),110,2008,6.7,64,Timur Bekmambetov,,,,,
691,Enola Holmes 2,129,2022,6.7,64,Harry Bradbeer,,,,,
692,Super,96,2010,6.7,50,James Gunn,,,,,
693,Teenage Mutant Ninja Turtles (1990),93,1990,6.7,51,Steve Barron,,,,,
694,Zombieland: Double Tap,99,2019,6.7,55,Ruben Fleischer,,,,,
695,Blade II,117,2002,6.7,52,Guillermo del Toro,,,,,
696,Tron,96,1982,6.7,58,Steven Lisberger,,,,,
697,Demolition Man,115,1993,6.7,34,Marco Brambilla,,,,,
698,The Matrix Revolutions,129,2003,6.7,47,Lana Wachowski,Lilly Wachowski,,,,
699,Escape Plan,115,2013,6.7,49,Mikael Håfström,,,,,
700,2 Guns,109,2013,6.7,55,Baltasar Kormákur,,,,,
701,Angels & Demons,138,2009,6.7,48,Ron Howard,,,,,
702,Out of the Furnace,116,2013,6.7,63,Scott Cooper,,,,,
703,Pandorum,108,2009,6.7,28,Christian Alvart,,,,,
704,Hot Shots!,84,1991,6.7,61,Jim Abrahams,,,,,
705,Colors,120,1988,6.7,66,Dennis Hopper,,,,,
706,The Living Daylights,130,1987,6.7,59,John Glen,,,,,
707,Live and Let Die,121,1973,6.7,55,Guy Hamilton,,,,,
708,Wyatt Earp,191,1994,6.7,47,Lawrence Kasdan,,,,,
709,Absolute Power,121,1997,6.7,52,Clint Eastwood,,,,,
710,Jungle,115,2017,6.7,48,Greg McLean,,,,,
711,The Last Starfighter,101,1984,6.7,67,Nick Castle,,,,,
712,On Her Majesty's Secret Service,142,1969,6.7,61,Peter R. Hunt,,,,,
713,For Your Eyes Only,127,1981,6.7,54,John Glen,,,,,
714,Conspiracy Theory,135,1997,6.7,49,Richard Donner,,,,,
715,The Man with the Golden Gun,125,1974,6.7,43,Guy Hamilton,,,,,
716,Pete's Dragon,102,2016,6.7,71,David Lowery,,,,,
717,The Grey,117,2011,6.7,64,Joe Carnahan,,,,,
718,Hardcore Henry,96,2015,6.7,51,Ilya Naishuller,,,,,
719,The Finest Hours,117,2016,6.7,58,Craig Gillespie,,,,,
720,Hamburger Hill,110,1987,6.7,64,John Irvin,,,,,
721,Underworld: Evolution,106,2006,6.7,36,Len Wiseman,,,,,
722,Gangster Squad,113,2013,6.7,40,Ruben Fleischer,,,,,
723,Rumble in the Bronx,87,1995,6.7,61,Stanley Tong,,,,,
724,Harriet,125,2019,6.7,66,Kasi Lemmons,,,,,
725,Brooklyn's Finest,132,2009,6.7,43,Antoine Fuqua,,,,,
726,Lethal Weapon 3,118,1992,6.7,40,Richard Donner,,,,,
727,Death Sentence,105,2007,6.7,36,James Wan,,,,,
728,The Enforcer,96,1976,6.7,58,James Fargo,,,,,
729,The Salvation,92,2014,6.7,64,Kristian Levring,,,,,
730,Ransom,121,1996,6.7,60,Ron Howard,,,,,
731,The Brothers Bloom,114,2008,6.7,55,Rian Johnson,,,,,
732,Appaloosa,115,2008,6.7,64,Ed Harris,,,,,
733,Hidalgo,136,2004,6.7,54,Joe Johnston,,,,,
734,Machine Gun Preacher,129,2011,6.7,43,Marc Forster,,,,,
735,Tales from the Crypt: Demon Knight,92,1995,6.7,48,Ernest R. Dickerson,,,,,
736,Blood and Bone,93,2009,6.7,,Ben Ramsey,,,,,
737,The Brave One,122,2007,6.7,56,Neil Jordan,,,,,
738,Nothing to Lose,98,1997,6.7,,Steve Oedekerk,,,,,
739,Om Shanti Om,162,2007,6.7,,Farah Khan,,,,,
740,Stakeout,117,1987,6.7,69,John Badham,,,,,
741,Turbo Kid,93,2015,6.7,60,François Simard,Anouk Whissell,Yoann-Karl Whissell,,,
742,Wild Target,98,2010,6.7,41,Jonathan Lynn,,,,,
743,Antim: The Final Truth,138,2021,6.7,,Mahesh Manjrekar,,,,,
744,The Fate of the Furious,136,2017,6.6,56,F. Gary Gray,,,,,
745,Venom,112,2018,6.6,35,Ruben Fleischer,,,,,
746,The Other Guys,107,2010,6.6,64,Adam McKay,,,,,
747,Divergent,139,2014,6.6,48,Neil Burger,,,,,
748,Star Wars: Episode II - Attack of the Clones,142,2002,6.6,54,George Lucas,,,,,
749,Red Sparrow,140,2018,6.6,53,Francis Lawrence,,,,,
750,Pirates of the Caribbean: On Stranger Tides,136,2011,6.6,45,Rob Marshall,,,,,
751,Resident Evil,100,2002,6.6,33,Paul W.S. Anderson,,,,,
752,Austin Powers: The Spy Who Shagged Me,95,1999,6.6,59,Jay Roach,,,,,
753,John Carter,132,2012,6.6,51,Andrew Stanton,,,,,
754,Kong: Skull Island,118,2017,6.6,62,Jordan Vogt-Roberts,,,,,
755,Ender's Game,114,2013,6.6,51,Gavin Hood,,,,,
756,The Old Guard,125,2020,6.6,70,Gina Prince-Bythewood,,,,,
757,The Incredible Hulk,112,2008,6.6,61,Louis Leterrier,,,,,
758,Smokin' Aces,108,2006,6.6,45,Joe Carnahan,,,,,
759,Enola Holmes,123,2020,6.6,68,Harry Bradbeer,,,,,
760,Crocodile Dundee,97,1986,6.6,62,Peter Faiman,,,,,
761,The Amazing Spider-Man 2,142,2014,6.6,53,Marc Webb,,,,,
762,Licence to Kill,133,1989,6.6,58,John Glen,,,,,
763,The Chronicles of Riddick,119,2004,6.6,38,David Twohy,,,,,
764,Quantum of Solace,106,2008,6.6,58,Marc Forster,,,,,
765,The Hunger Games: Mockingjay - Part 1,123,2014,6.6,64,Francis Lawrence,,,,,
766,Hunter Killer,121,2018,6.6,43,Donovan Marsh,,,,,
767,The Harder They Fall,139,2021,6.6,68,Jeymes Samuel,,,,,
768,Jungle Cruise,127,2021,6.6,50,Jaume Collet-Serra,,,,,
769,Anna,118,2019,6.6,40,Luc Besson,,,,,
770,Jason Bourne,123,2016,6.6,58,Paul Greengrass,,,,,
771,X-Men: The Last Stand,104,2006,6.6,58,Brett Ratner,,,,,
772,Robin Hood (2010),140,2010,6.6,53,Ridley Scott,,,,,
773,The Rundown,104,2003,6.6,59,Peter Berg,,,,,
774,Tears of the Sun,121,2003,6.6,48,Antoine Fuqua,,,,,
775,Elysium,109,2013,6.6,61,Neill Blomkamp,,,,,
776,Prince of Persia: The Sands of Time,116,2010,6.6,50,Mike Newell,,,,,
777,The 13th Warrior,102,1999,6.6,42,John McTiernan,Michael Crichton,,,,
778,Rush Hour 2,90,2001,6.6,48,Brett Ratner,,,,,
779,Machete,105,2010,6.6,60,Ethan Maniquis,Robert Rodriguez,,,,
780,Adrift,96,2018,6.6,56,Baltasar Kormákur,,,,,
781,RED 2,116,2013,6.6,47,Dean Parisot,,,,,
782,30 Days of Night,113,2007,6.6,53,David Slade,,,,,
783,Run All Night,114,2015,6.6,59,Jaume Collet-Serra,,,,,
784,The Aeronauts,100,2019,6.6,60,Tom Harper,,,,,
785,Flushed Away,85,2006,6.6,74,David Bowers,Sam Fell,,,,
786,The Heat,117,2013,6.6,60,Paul Feig,,,,,
787,The Lego Movie 2: The Second Part,107,2019,6.6,65,Mike Mitchell,,,,,
788,Outbreak,127,1995,6.6,64,Wolfgang Petersen,,,,,
789,The Expendables 2,103,2012,6.6,51,Simon West,,,,,
790,Epic,102,2013,6.6,52,Chris Wedge,,,,,
791,Star Trek III: The Search for Spock,105,1984,6.6,56,Leonard Nimoy,,,,,
792,The Bourne Legacy,135,2012,6.6,61,Tony Gilroy,,,,,
793,Bad Boys II,147,2003,6.6,38,Michael Bay,,,,,
794,Overlord,110,2018,6.6,60,Julius Avery,,,,,
795,Joy Ride,97,2001,6.6,75,John Dahl,,,,,
796,The Informer,113,2019,6.6,61,Andrea Di Stefano,,,,,
797,Attack the Block,88,2011,6.6,75,Joe Cornish,,,,,
798,Sudden Impact,117,1983,6.6,52,Clint Eastwood,,,,,
799,Penguins of Madagascar,92,2014,6.6,53,Eric Darnell,Simon J. Smith,,,,
800,The Girl with All the Gifts,111,2016,6.6,67,Colm McCarthy,,,,,
801,Ghostbusters II,108,1989,6.6,56,Ivan Reitman,,,,,
802,Shanghai Noon,110,2000,6.6,77,Tom Dey,,,,,
803,Hot Shots! Part Deux,86,1993,6.6,64,Jim Abrahams,,,,,
804,Star Trek: Generations,118,1994,6.6,55,David Carson,,,,,
805,Rollerball (1975),125,1975,6.6,56,Norman Jewison,,,,,
806,Black Rain,125,1989,6.6,56,Ridley Scott,,,,,
807,Eagle Eye,118,2008,6.6,43,D.J. Caruso,,,,,
808,U-571,116,2000,6.6,62,Jonathan Mostow,,,,,
809,The Art of Self-Defense,104,2019,6.6,65,Riley Stearns,,,,,
810,Kiss of the Dragon,98,2001,6.6,58,Chris Nahon,,,,,
811,Titan A.E.,94,2000,6.6,48,Don Bluth,Gary Goldman,,,,
812,Shoot 'Em Up,86,2007,6.6,49,Michael Davis,,,,,
813,New Jack City,97,1991,6.6,61,Mario Van Peebles,,,,,
814,21 Bridges,99,2019,6.6,51,Brian Kirk,,,,,
815,Outland,109,1981,6.6,48,Peter Hyams,,,,,
816,The Final Countdown,103,1980,6.6,51,Don Taylor,,,,,
817,Courage Under Fire,116,1996,6.6,77,Edward Zwick,,,,,
818,The Wave,105,2015,6.6,68,Roar Uthaug,,,,,
819,Man on a Ledge,102,2012,6.6,40,Asger Leth,,,,,
820,Alpha,96,2018,6.6,63,Albert Hughes,,,,,
821,Lethal Weapon 4,127,1998,6.6,37,Richard Donner,,,,,
822,The Recruit,115,2003,6.6,56,Roger Donaldson,,,,,
823,Edge of Darkness,117,2010,6.6,55,Martin Campbell,,,,,
824,The Way of the Gun,119,2000,6.6,49,Christopher McQuarrie,,,,,
825,Vantage Point,90,2008,6.6,40,Pete Travis,,,,,
826,16 Blocks,102,2006,6.6,63,Richard Donner,,,,,
827,Raees,143,2017,6.6,,Rahul Dholakia,,,,,
828,Seraphim Falls,115,2006,6.6,62,David Von Ancken,,,,,
829,22 Bullets,117,2010,6.6,,Richard Berry,,,,,
830,Wasabi,94,2001,6.6,53,Gérard Krawczyk,,,,,
831,Wanted,147,2009,6.6,,Prabhu Deva,,,,,
832,Fast & Furious,107,2009,6.5,46,Justin Lin,,,,,
833,Plane,107,2023,6.5,62,Jean-François Richet,,,,,
834,Fast & Furious Presents: Hobbs & Shaw,137,2019,6.5,60,David Leitch,,,,,
835,The Gray Man,122,2022,6.5,49,Anthony Russo,Joe Russo,,,,
836,Star Wars: Episode I - The Phantom Menace,136,1999,6.5,51,George Lucas,,,,,
837,Star Wars: Episode IX - The Rise of Skywalker,141,2019,6.5,53,J.J. Abrams,,,,,
838,The Hunt,90,2020,6.5,50,Craig Zobel,,,,,
839,The Tomorrow War,138,2021,6.5,45,Chris McKay,,,,,
840,Pirates of the Caribbean: Dead Men Tell No Tales,129,2017,6.5,39,Joachim Rønning,Espen Sandberg,,,,
841,Homefront,100,2013,6.5,40,Gary Fleder,,,,,
842,Pokémon: Detective Pikachu,104,2019,6.5,53,Rob Letterman,,,,,
843,Sonic the Hedgehog 2,122,2022,6.5,47,Jeff Fowler,,,,,
844,Tag,100,2018,6.5,56,Jeff Tomsic,,,,,
845,Sonic the Hedgehog,99,2020,6.5,47,Jeff Fowler,,,,,
846,The Lost World: Jurassic Park,129,1997,6.5,59,Steven Spielberg,,,,,
847,Olympus Has Fallen,119,2013,6.5,41,Antoine Fuqua,,,,,
848,Gone in 60 Seconds,118,2000,6.5,35,Dominic Sena,,,,,
849,Bad Boys for Life,124,2020,6.5,59,Adil El Arbi,Bilall Fallah,,,,
850,The Hunger Games: Mockingjay - Part 2,137,2015,6.5,65,Francis Lawrence,,,,,
851,X-Men Origins: Wolverine,107,2009,6.5,40,Gavin Hood,,,,,
852,War of the Worlds,116,2005,6.5,73,Steven Spielberg,,,,,
853,Mandy,121,2018,6.5,82,Panos Cosmatos,,,,,
854,Swordfish,99,2001,6.5,32,Dominic Sena,,,,,
855,Flash Gordon,111,1980,6.5,58,Mike Hodges,,,,,
856,12 Strong,130,2018,6.5,54,Nicolai Fuglsig,,,,,
857,The Mechanic,93,2011,6.5,49,Simon West,,,,,
858,The Quick and the Dead,108,1995,6.5,49,Sam Raimi,,,,,
859,Mr. & Mrs. Smith,120,2005,6.5,55,Doug Liman,,,,,
860,The Chronicles of Narnia: Prince Caspian,150,2008,6.5,62,Andrew Adamson,,,,,
861,Cliffhanger,113,1993,6.5,60,Renny Harlin,,,,,
862,Beverly Hills Cop II,100,1987,6.5,48,Tony Scott,,,,,
863,The Spiderwick Chronicles,96,2008,6.5,62,Mark Waters,,,,,
864,Sin City: A Dame to Kill For,102,2014,6.5,46,Frank Miller,Robert Rodriguez,,,,
865,Tomorrow Never Dies,119,1997,6.5,52,Roger Spottiswoode,,,,,
866,Kick-Ass 2,103,2013,6.5,41,Jeff Wadlow,,,,,
867,Terminator Salvation,115,2009,6.5,49,McG,,,,,
868,Rambo: First Blood Part II,96,1985,6.5,47,George P. Cosmatos,,,,,
869,The Forbidden Kingdom,104,2008,6.5,57,Rob Minkoff,,,,,
870,Air Force One,124,1997,6.5,61,Wolfgang Petersen,,,,,
871,The Man in the Iron Mask,132,1998,6.5,48,Randall Wallace,,,,,
872,A Walk Among the Tombstones,114,2014,6.5,57,Scott Frank,,,,,
873,The Interview,112,2014,6.5,52,Evan Goldberg,Seth Rogen,,,,
874,The Perfect Storm,130,2000,6.5,59,Wolfgang Petersen,,,,,
875,Under Siege,103,1992,6.5,58,Andrew Davis,,,,,
876,Never Back Down,113,2008,6.5,39,Jeff Wadlow,,,,,
877,Space Cowboys,130,2000,6.5,73,Clint Eastwood,,,,,
878,Nerve,96,2016,6.5,58,Henry Joost,Ariel Schulman,,,,
879,The Rocketeer,108,1991,6.5,61,Joe Johnston,,,,,
880,Peppermint,101,2018,6.5,29,Pierre Morel,,,,,
881,Octopussy,131,1983,6.5,63,John Glen,,,,,
882,Diamonds Are Forever,120,1971,6.5,59,Guy Hamilton,,,,,
883,Get Smart,110,2008,6.5,54,Peter Segal,,,,,
884,Safe,94,2012,6.5,55,Boaz Yakin,,,,,
885,U.S. Marshals,131,1998,6.5,47,Stuart Baird,,,,,
886,National Treasure: Book of Secrets,124,2007,6.5,48,Jon Turteltaub,,,,,
887,Underworld: Rise of the Lycans,92,2009,6.5,44,Patrick Tatopoulos,,,,,
888,Batman: The Movie,105,1966,6.5,71,Leslie H. Martinson,,,,,
889,Executive Decision,133,1996,6.5,62,Stuart Baird,,,,,
890,Young Guns II,104,1990,6.5,47,Geoff Murphy,,,,,
891,Self/less,117,2015,6.5,34,Tarsem Singh,,,,,
892,The International,118,2009,6.5,52,Tom Tykwer,,,,,
893,Cellular,94,2004,6.5,60,David R. Ellis,,,,,
894,Premium Rush,91,2012,6.5,66,David Koepp,,,,,
895,The Grandmaster,130,2013,6.5,73,Kar-Wai Wong,,,,,
896,Space Sweepers,136,2021,6.5,64,Sung-hee Jo,,,,,
897,Hostage,113,2005,6.5,44,Florent-Emilio Siri,,,,,
898,Flyboys,140,2006,6.5,47,Tony Bill,,,,,
899,Heist (2001),109,2001,6.5,66,David Mamet,,,,,
900,The Four Feathers,132,2002,6.5,49,Shekhar Kapur,,,,,
901,Ladder 49,115,2004,6.5,47,Jay Russell,,,,,
902,War (2019),154,2019,6.5,,Siddharth Anand,,,,,
903,Spartan,106,2004,6.5,60,David Mamet,,,,,
904,District 13: Ultimatum,101,2009,6.5,64,Patrick Alessandrin,,,,,
905,Dhoom 2,152,2006,6.5,,Sanjay Gadhvi,,,,,
906,Taxi 2,88,2000,6.5,,Gérard Krawczyk,,,,,
907,Conquest 1453,162,2012,6.5,,Faruk Aksoy,,,,,
908,Valerian and the City of a Thousand Planets,136,2017,6.4,51,Luc Besson,,,,,
909,Twister,113,1996,6.4,68,Jan de Bont,,,,,
910,Escape Room,99,2019,6.4,48,Adam Robitel,,,,,
911,The Punisher,124,2004,6.4,33,Jonathan Hensleigh,,,,,
912,Lucy,89,2014,6.4,61,Luc Besson,,,,,
913,Last Action Hero,130,1993,6.4,44,John McTiernan,,,,,
914,The Day After Tomorrow,124,2004,6.4,47,Roland Emmerich,,,,,
915,Batman v Superman: Dawn of Justice,151,2016,6.4,44,Zack Snyder,,,,,
916,Triple Frontier,125,2019,6.4,61,J.C. Chandor,,,,,
917,Greenland,119,2020,6.4,64,Ric Roman Waugh,,,,,
918,Godzilla (2014),123,2014,6.4,62,Gareth Edwards,,,,,
919,Tomorrowland,130,2015,6.4,60,Brad Bird,,,,,
920,Riddick,119,2013,6.4,49,David Twohy,,,,,
921,Death Race,105,2008,6.4,43,Paul W.S. Anderson,,,,,
922,The Mummy Returns,130,2001,6.4,48,Stephen Sommers,,,,,
923,The Sum of All Fears,124,2002,6.4,45,Phil Alden Robinson,,,,,
924,Angel Has Fallen,121,2019,6.4,45,Ric Roman Waugh,,,,,
925,Army of Thieves,127,2021,6.4,49,Matthias Schweighöfer,,,,,
926,Revenge,108,2017,6.4,81,Coralie Fargeat,,,,,
927,Alien³,114,1992,6.4,59,David Fincher,,,,,
928,The Expendables,103,2010,6.4,45,Sylvester Stallone,,,,,
929,Predators,107,2010,6.4,51,Nimród Antal,,,,,
930,Need for Speed,132,2014,6.4,39,Scott Waugh,,,,,
931,Hancock,92,2008,6.4,49,Peter Berg,,,,,
932,The Three Musketeers (1993),105,1993,6.4,43,Stephen Herek,,,,,
933,Now You See Me 2,129,2016,6.4,46,Jon M. Chu,,,,,
934,The World Is Not Enough,128,1999,6.4,57,Michael Apted,,,,,
935,Colombiana,108,2011,6.4,45,Olivier Megaton,,,,,
936,Salt,100,2010,6.4,65,Phillip Noyce,,,,,
937,Savages,131,2012,6.4,59,Oliver Stone,,,,,
938,Pain & Gain,129,2013,6.4,45,Michael Bay,,,,,
939,Faster,98,2010,6.4,44,George Tillman Jr.,,,,,
940,The Vault,118,2021,6.4,50,Jaume Balagueró,,,,,
941,Rat Race,112,2001,6.4,52,Jerry Zucker,,,,,
942,Monsters vs. Aliens,94,2009,6.4,56,Rob Letterman,Conrad Vernon,,,,
943,Tango & Cash,104,1989,6.4,41,Andrey Konchalovskiy,Albert Magnoli,,,,
944,Star Trek: Nemesis,116,2002,6.4,51,Stuart Baird,,,,,
945,The Lone Ranger,150,2013,6.4,37,Gore Verbinski,,,,,
946,Here Comes the Boom,105,2012,6.4,40,Frank Coraci,,,,,
947,The Taking of Pelham 123,106,2009,6.4,55,Tony Scott,,,,,
948,Kickboxer,97,1989,6.4,33,Mark DiSalle,David Worth,,,,
949,The Purge: Anarchy,103,2014,6.4,50,James DeMonaco,,,,,
950,Star Trek: Insurrection,103,1998,6.4,64,Jonathan Frakes,,,,,
951,The Jackal,124,1997,6.4,36,Michael Caton-Jones,,,,,
952,Chaos,106,2005,6.4,,Tony Giglio,,,,,
953,The Angry Birds Movie 2,97,2019,6.4,60,Thurop Van Orman,John Rice,,,,
954,DragonHeart,103,1996,6.4,49,Rob Cohen,,,,,
955,Behind Enemy Lines,106,2001,6.4,49,John Moore,,,,,
956,Killer Elite,116,2011,6.4,44,Gary McKendry,,,,,
957,Live by Night,129,2016,6.4,49,Ben Affleck,,,,,
958,Darkman,96,1990,6.4,65,Sam Raimi,,,,,
959,Kill List,95,2011,6.4,67,Ben Wheatley,,,,,
960,Act of Valor,110,2012,6.4,40,Mike McCoy,Scott Waugh,,,,
961,The Siege,116,1998,6.4,53,Edward Zwick,,,,,
962,Let's Be Cops,104,2014,6.4,30,Luke Greenfield,,,,,
963,Daybreakers,98,2009,6.4,57,Michael Spierig,Peter Spierig,,,,
964,The Omega Man,98,1971,6.4,56,Boris Sagal,,,,,
965,Shaft (2019),111,2019,6.4,40,Tim Story,,,,,
966,Snitch,112,2013,6.4,51,Ric Roman Waugh,,,,,
967,Contraband,109,2012,6.4,51,Baltasar Kormákur,,,,,
968,The Prophecy,98,1995,6.4,44,Gregory Widen,,,,,
969,The Rover,103,2014,6.4,64,David Michôd,,,,,
970,Blood Father,88,2016,6.4,66,Jean-François Richet,,,,,
971,Just Cause,102,1995,6.4,48,Arne Glimcher,,,,,
972,Black Death,102,2010,6.4,71,Christopher Smith,,,,,
973,Batman: The Killing Joke,76,2016,6.4,,Sam Liu,,,,,
974,Dead Man Down,118,2013,6.4,39,Niels Arden Oplev,,,,,
975,Lock Up,109,1989,6.4,52,John Flynn,,,,,
976,Last Man Standing,101,1996,6.4,44,Walter Hill,,,,,
977,Black and Blue,108,2019,6.4,54,Deon Taylor,,,,,
978,Basic,98,2003,6.4,34,John McTiernan,,,,,
979,Son of a Gun,108,2014,6.4,49,Julius Avery,,,,,
980,Final Fantasy: The Spirits Within,106,2001,6.4,49,Hironobu Sakaguchi,Motonori Sakakibara,,,,
981,From Paris with Love,92,2010,6.4,42,Pierre Morel,,,,,
982,Blood Work,110,2002,6.4,64,Clint Eastwood,,,,,
983,How I Live Now,101,2013,6.4,57,Kevin Macdonald,,,,,
984,Ned Kelly,110,2003,6.4,56,Gregor Jordan,,,,,
985,Night Watch,114,2004,6.4,58,Timur Bekmambetov,,,,,
986,Resident Evil: Degeneration,98,2008,6.4,,Makoto Kamiya,,,,,
987,Day Watch,132,2006,6.4,59,Timur Bekmambetov,,,,,
988,Redirected,99,2014,6.4,,Emilis Velyvis,,,,,
989,Fast X,141,2023,6.3,55,Louis Leterrier,,,,,
990,Operation Fortune: Ruse de Guerre,114,2023,6.3,51,Guy Ritchie,,,,,
991,King Arthur,126,2004,6.3,46,Antoine Fuqua,,,,,
992,Black Adam,125,2022,6.3,41,Jaume Collet-Serra,,,,,
993,Eternals,156,2021,6.3,52,Chloé Zhao,,,,,
994,Dune,137,1984,6.3,41,David Lynch,,,,,
995,Uncharted,116,2022,6.3,45,Ruben Fleischer,,,,,
996,The King's Man,131,2021,6.3,44,Matthew Vaughn,,,,,
997,Spider-Man 3,139,2007,6.3,59,Sam Raimi,,,,,
998,Red Notice,118,2021,6.3,37,Rawson Marshall Thurber,,,,,
999,Godzilla vs. Kong,113,2021,6.3,59,Adam Wingard,,,,,
1000,Central Intelligence,107,2016,6.3,52,Rawson Marshall Thurber,,,,,
1001,Sky High,100,2005,6.3,62,Mike Mitchell,,,,,
1002,Terminator Genisys,126,2015,6.3,38,Alan Taylor,,,,,
1003,Ocean's Eight,110,2018,6.3,61,Gary Ross,,,,,
1004,The Last Stand,107,2013,6.3,54,Jee-woon Kim,,,,,
1005,Polar,118,2019,6.3,19,Jonas Åkerlund,,,,,
1006,Tomb Raider,119,2018,6.3,48,Roar Uthaug,,,,,
1007,White House Down,131,2013,6.3,52,Roland Emmerich,,,,,
1008,Terminator 3: Rise of the Machines,109,2003,6.3,66,Jonathan Mostow,,,,,
1009,Ghost in the Shell,107,2017,6.3,52,Rupert Sanders,,,,,
1010,The Bodyguard,129,1992,6.3,39,Mick Jackson,,,,,
1011,Knight and Day,109,2010,6.3,46,James Mangold,,,,,
1012,Waterworld,177,1995,6.3,56,Kevin Reynolds,,,,,
1013,A View to a Kill,131,1985,6.3,40,John Glen,,,,,
1014,Miss Congeniality,109,2000,6.3,43,Donald Petrie,,,,,
1015,The Shallows,86,2016,6.3,59,Jaume Collet-Serra,,,,,
1016,Criminal,113,2016,6.3,36,Ariel Vromen,,,,,
1017,Every Which Way But Loose,114,1978,6.3,41,James Fargo,,,,,
1018,The American,105,2010,6.3,61,Anton Corbijn,,,,,
1019,Run Hide Fight,109,2020,6.3,13,Kyle Rankin,,,,,
1020,Red Dawn (1984),114,1984,6.3,53,John Milius,,,,,
1021,My Spy,99,2020,6.3,46,Peter Segal,,,,,
1022,Maze Runner: The Scorch Trials,131,2015,6.3,43,Wes Ball,,,,,
1023,Once Upon a Time in Mexico,102,2003,6.3,56,Robert Rodriguez,,,,,
1024,Scouts Guide to the Zombie Apocalypse,93,2015,6.3,32,Christopher Landon,,,,,
1025,Death Wish,107,2018,6.3,31,Eli Roth,,,,,
1026,Bright,117,2017,6.3,29,David Ayer,,,,,
1027,Beowulf,115,2007,6.3,59,Robert Zemeckis,,,,,
1028,Spectral,107,2016,6.3,,Nic Mathieu,,,,,
1029,Ninja Assassin,99,2009,6.3,34,James McTeigue,,,,,
1030,The Take,92,2016,6.3,48,James Watkins,,,,,
1031,The Commuter,104,2018,6.3,56,Jaume Collet-Serra,,,,,
1032,Sand Castle,113,2017,6.3,45,Fernando Coimbra,,,,,
1033,Predator 2,108,1990,6.3,46,Stephen Hopkins,,,,,
1034,Triple 9,115,2016,6.3,52,John Hillcoat,,,,,
1035,The Collector,90,2009,6.3,29,Marcus Dunstan,,,,,
1036,The Angry Birds Movie,97,2016,6.3,43,Clay Kaytis,Fergal Reilly,,,,
1037,Unlocked,98,2017,6.3,46,Michael Apted,,,,,
1038,Guns Akimbo,98,2019,6.3,42,Jason Howden,,,,,
1039,Osmosis Jones,95,2001,6.3,57,Bobby Farrelly,Peter Farrelly,,,,
1040,Surrogates,89,2009,6.3,45,Jonathan Mostow,,,,,
1041,The Dead Pool,91,1988,6.3,46,Buddy Van Horn,,,,,
1042,The Black Cauldron,80,1985,6.3,59,Ted Berman,Richard Rich,,,,
1043,#Alive,98,2020,6.3,,Il Cho,,,,,
1044,Transporter 2,87,2005,6.3,56,Louis Leterrier,,,,,
1045,Entrapment,113,1999,6.3,54,Jon Amiel,,,,,
1046,Revolver,111,2005,6.3,25,Guy Ritchie,,,,,
1047,Free Fire,91,2016,6.3,63,Ben Wheatley,,,,,
1048,Paycheck,119,2003,6.3,43,John Woo,,,,,
1049,This Means War,103,2012,6.3,31,McG,,,,,
1050,Blue Streak,93,1999,6.3,46,Les Mayfield,,,,,
1051,Centurion,97,2010,6.3,62,Neil Marshall,,,,,
1052,Assassins,133,1995,6.3,,Richard Donner,,,,,
1053,Johnny English Reborn,101,2011,6.3,46,Oliver Parker,,,,,
1054,Mr. Right,95,2015,6.3,52,Paco Cabezas,,,,,
1055,Risen,107,2016,6.3,51,Kevin Reynolds,,,,,
1056,Underworld: Awakening,88,2012,6.3,39,Måns Mårlind,Björn Stein,,,,
1057,Repo Men,111,2010,6.3,32,Miguel Sapochnik,,,,,
1058,Escape from the Planet of the Apes,98,1971,6.3,69,Don Taylor,,,,,
1059,Assault on Precinct 13,109,2005,6.3,54,Jean-François Richet,,,,,
1060,Nick of Time,90,1995,6.3,,John Badham,,,,,
1061,Formula 51,93,2001,6.3,23,Ronny Yu,,,,,
1062,Proof of Life,135,2000,6.3,45,Taylor Hackford,,,,,
1063,ARQ,88,2016,6.3,,Tony Elliott,,,,,
1064,7500,93,2019,6.3,58,Patrick Vollrath,,,,,
1065,Charlie Countryman,103,2013,6.3,31,Fredrik Bond,,,,,
1066,Toofaan,163,2021,6.3,,Rakeysh Omprakash Mehra,,,,,
1067,Mad Max Beyond Thunderdome,107,1985,6.2,71,George Miller,George Ogilvie,,,,
1068,Thor: Love and Thunder,118,2022,6.2,57,Taika Waititi,,,,,
1069,Indiana Jones and the Kingdom of the Crystal Skull,122,2008,6.2,65,Steven Spielberg,,,,,
1070,Kindergarten Cop,111,1990,6.2,61,Ivan Reitman,,,,,
1071,Terminator: Dark Fate,128,2019,6.2,54,Tim Miller,,,,,
1072,Pearl Harbor,183,2001,6.2,44,Michael Bay,,,,,
1073,Men in Black II,88,2002,6.2,49,Barry Sonnenfeld,,,,,
1074,Transformers: Dark of the Moon,154,2011,6.2,42,Michael Bay,,,,,
1075,Austin Powers in Goldmember,94,2002,6.2,62,Jay Roach,,,,,
1076,The Karate Kid,140,2010,6.2,61,Harald Zwart,,,,,
1077,Deep Impact,120,1998,6.2,40,Mimi Leder,,,,,
1078,Knowing,121,2009,6.2,41,Alex Proyas,,,,,
1079,The Legend of Tarzan,110,2016,6.2,44,David Yates,,,,,
1080,300: Rise of an Empire,102,2014,6.2,48,Noam Murro,,,,,
1081,Hitman,100,2007,6.2,35,Xavier Gens,,,,,
1082,Total Recall,118,2012,6.2,43,Len Wiseman,,,,,
1083,American Assassin,111,2017,6.2,45,Michael Cuesta,,,,,
1084,Kate,106,2021,6.2,47,Cedric Nicolas-Troyan,,,,,
1085,Reign of Fire,101,2002,6.2,39,Rob Bowman,,,,,
1086,Alien: Resurrection,109,1997,6.2,63,Jean-Pierre Jeunet,,,,,
1087,Dracula Untold,92,2014,6.2,40,Gary Shore,,,,,
1088,Dick Tracy,105,1990,6.2,68,Warren Beatty,,,,,
1089,Transcendence,119,2014,6.2,42,Wally Pfister,,,,,
1090,The Divergent Series: Insurgent,119,2015,6.2,42,Robert Schwentke,,,,,
1091,3 Days to Kill,117,2014,6.2,40,McG,,,,,
1092,The Brothers Grimsby,83,2016,6.2,44,Louis Leterrier,,,,,
1093,Small Soldiers,110,1998,6.2,,Joe Dante,,,,,
1094,In the Shadow of the Moon,115,2019,6.2,48,Jim Mickle,,,,,
1095,Rush Hour 3,91,2007,6.2,44,Brett Ratner,,,,,
1096,The Cannonball Run,95,1981,6.2,28,Hal Needham,,,,,
1097,Blown Away,121,1994,6.2,,Stephen Hopkins,,,,,
1098,Maze Runner: The Death Cure,143,2018,6.2,50,Wes Ball,,,,,
1099,Time Trap,87,2017,6.2,46,Mark Dennis,Ben Foster,,,,
1100,Spenser Confidential,111,2020,6.2,49,Peter Berg,,,,,
1101,Inferno,121,2016,6.2,42,Ron Howard,,,,,
1102,47 Ronin,128,2013,6.2,28,Carl Rinsch,,,,,
1103,Keanu,100,2016,6.2,63,Peter Atencio,,,,,
1104,Deliver Us from Evil,118,2014,6.2,40,Scott Derrickson,,,,,
1105,Hard Target,97,1993,6.2,63,John Woo,,,,,
1106,Shanghai Knights,114,2003,6.2,58,David Dobkin,,,,,
1107,Parker,118,2013,6.2,42,Taylor Hackford,,,,,
1108,The Losers,97,2010,6.2,44,Sylvain White,,,,,
1109,Zathura: A Space Adventure,101,2005,6.2,67,Jon Favreau,,,,,
1110,Moonraker,126,1979,6.2,66,Lewis Gilbert,,,,,
1111,Cold Pursuit,119,2019,6.2,57,Hans Petter Moland,,,,,
1112,Taken 2,92,2012,6.2,45,Olivier Megaton,,,,,
1113,Walking Tall,86,2004,6.2,44,Kevin Bray,,,,,
1114,Copshop,107,2021,6.2,61,Joe Carnahan,,,,,
1115,War,103,2007,6.2,36,Philip G. Atwell,,,,,
1116,Redemption,100,2013,6.2,43,Steven Knight,,,,,
1117,The Silencing,93,2020,6.2,,Robin Pront,,,,,
1118,Death Race 2000,80,1975,6.2,58,Paul Bartel,,,,,
1119,Jack the Giant Slayer,114,2013,6.2,51,Bryan Singer,,,,,
1120,Stuber,93,2019,6.2,42,Michael Dowse,,,,,
1121,Takers,107,2010,6.2,45,John Luessenhop,,,,,
1122,Jack Ryan: Shadow Recruit,105,2014,6.2,57,Kenneth Branagh,,,,,
1123,Tower Heist,104,2011,6.2,59,Brett Ratner,,,,,
1124,Captain Underpants: The First Epic Movie,89,2017,6.2,69,David Soren,,,,,
1125,The Wall,88,2017,6.2,57,Doug Liman,,,,,
1126,Rogue,99,2007,6.2,,Greg McLean,,,,,
1127,Next,96,2007,6.2,42,Lee Tamahori,,,,,
1128,Resident Evil: Extinction,94,2007,6.2,41,Russell Mulcahy,,,,,
1129,Johnny English,87,2003,6.2,51,Peter Howitt,,,,,
1130,Kung Pow: Enter the Fist,81,2002,6.2,14,Steve Oedekerk,,,,,
1131,Feast,95,2005,6.2,43,John Gulager,,,,,
1132,The Toxic Avenger,82,1984,6.2,42,Michael Herz,Lloyd Kaufman,,,,
1133,The Outsider,120,2018,6.2,30,Martin Zandvliet,,,,,
1134,Outlander,115,2008,6.2,40,Howard McCain,,,,,
1135,The Devil's Own,111,1997,6.2,53,Alan J. Pakula,,,,,
1136,The Saint,116,1997,6.2,50,Phillip Noyce,,,,,
1137,Lionheart,108,1990,6.2,41,Sheldon Lettich,,,,,
1138,Eraser,115,1996,6.2,56,Chuck Russell,,,,,
1139,TMNT,87,2007,6.2,41,Kevin Munroe,,,,,
1140,The Eagle,114,2011,6.2,55,Kevin Macdonald,,,,,
1141,Johnny English Strikes Again,89,2018,6.2,39,David Kerr,,,,,
1142,Astro Boy,94,2009,6.2,53,David Bowers,,,,,
1143,Destroyer,121,2018,6.2,62,Karyn Kusama,,,,,
1144,Rising Sun,129,1993,6.2,56,Philip Kaufman,,,,,
1145,After the Sunset,97,2004,6.2,38,Brett Ratner,,,,,
1146,Loaded Weapon 1,84,1993,6.2,30,Gene Quintano,,,,,
1147,The November Man,108,2014,6.2,38,Roger Donaldson,,,,,
1148,Pokémon: The First Movie - Mewtwo Strikes Back,96,1998,6.2,35,Kunihiko Yuyama,,,,,
1149,The Boondock Saints II: All Saints Day,118,2009,6.2,24,Troy Duffy,,,,,
1150,Last Knights,115,2015,6.2,27,Kazuaki Kiriya,,,,,
1151,Money Talks,97,1997,6.2,,Brett Ratner,,,,,
1152,A Lonely Place to Die,99,2011,6.2,,Julian Gilbey,,,,,
1153,Mr. Nice Guy,88,1997,6.2,,Sammo Kam-Bo Hung,,,,,
1154,The Warrior's Way,100,2010,6.2,45,Sngmoo Lee,,,,,
1155,Ong Bak 2,98,2008,6.2,47,Tony Jaa,Panna Rittikrai,,,,
1156,The Legend of Tomiris,156,2019,6.2,,Akan Satayev,,,,,
1157,Dabangg,126,2010,6.2,,Abhinav Kashyap,,,,,
1158,Ant-Man and the Wasp: Quantumania,124,2023,6.1,48,Peyton Reed,,,,,
1159,San Andreas,114,2015,6.1,43,Brad Peyton,,,,,
1160,The Lost City,112,2022,6.1,60,Aaron Nee,Adam Nee,,,,
1161,Mission: Impossible II,123,2000,6.1,59,John Woo,,,,,
1162,Snow White and the Huntsman,127,2012,6.1,57,Rupert Sanders,,,,,
1163,Justice League,120,2017,6.1,45,Zack Snyder,,,,,
1164,Jack Reacher: Never Go Back,118,2016,6.1,47,Edward Zwick,,,,,
1165,Ambulance,136,2022,6.1,55,Michael Bay,,,,,
1166,6 Underground,128,2019,6.1,41,Michael Bay,,,,,
1167,Lou,107,2022,6.1,51,Anna Foerster,,,,,
1168,Day Shift,113,2022,6.1,51,J.J. Perry,,,,,
1169,Jurassic World: Fallen Kingdom,128,2018,6.1,51,J.A. Bayona,,,,,
1170,Mortal Engines,128,2018,6.1,44,Christian Rivers,,,,,
1171,The Sentinel,108,2006,6.1,49,Clark Johnson,,,,,
1172,Hitman's Wife's Bodyguard,100,2021,6.1,32,Patrick Hughes,,,,,
1173,Blood Red Sky,121,2021,6.1,43,Peter Thorwarth,,,,,
1174,Lifeforce,101,1985,6.1,50,Tobe Hooper,,,,,
1175,I Am Number Four,111,2011,6.1,36,D.J. Caruso,,,,,
1176,Lightyear,105,2022,6.1,60,Angus MacLane,,,,,
1177,Superman Returns,154,2006,6.1,72,Bryan Singer,,,,,
1178,RoboCop,117,2014,6.1,52,José Padilha,,,,,
1179,Rampage,107,2018,6.1,45,Brad Peyton,,,,,
1180,Code 8,98,2019,6.1,48,Jeff Chan,,,,,
1181,The Expendables 3,126,2014,6.1,35,Patrick Hughes,,,,,
1182,Crawl,87,2019,6.1,60,Alexandre Aja,,,,,
1183,Die Another Day,133,2002,6.1,56,Lee Tamahori,,,,,
1184,Rambo: Last Blood,89,2019,6.1,26,Adrian Grunberg,,,,,
1185,Push,111,2009,6.1,36,Paul McGuigan,,,,,
1186,Mile 22,94,2018,6.1,38,Peter Berg,,,,,
1187,Jumper,88,2008,6.1,35,Doug Liman,,,,,
1188,Days of Thunder,107,1990,6.1,60,Tony Scott,,,,,
1189,The Sorcerer's Apprentice,109,2010,6.1,46,Jon Turteltaub,,,,,
1190,Dora and the Lost City of Gold,102,2019,6.1,63,James Bobin,,,,,
1191,The Huntsman: Winter's War,114,2016,6.1,35,Cedric Nicolas-Troyan,,,,,
1192,Resident Evil: Apocalypse,94,2004,6.1,35,Alexander Witt,,,,,
1193,The Protégé,109,2021,6.1,48,Martin Campbell,,,,,
1194,Mystery Men,121,1999,6.1,65,Kinka Usher,,,,,
1195,The Postman,177,1997,6.1,29,Kevin Costner,,,,,
1196,Blitz,97,2011,6.1,,Elliott Lester,,,,,
1197,The Girl in the Spider's Web,115,2018,6.1,43,Fede Alvarez,,,,,
1198,Krull,121,1983,6.1,45,Peter Yates,,,,,
1199,Deep Rising,106,1998,6.1,,Stephen Sommers,,,,,
1200,Universal Soldier,102,1992,6.1,35,Roland Emmerich,,,,,
1201,Crank: High Voltage,96,2009,6.1,41,Mark Neveldine,Brian Taylor,,,,
1202,Hansel & Gretel: Witch Hunters,88,2013,6.1,23,Tommy Wirkola,,,,,
1203,Vampires,108,1998,6.1,42,John Carpenter,,,,,
1204,Never Say Never Again,134,1983,6.1,68,Irvin Kershner,,,,,
1205,The Karate Kid Part II,113,1986,6.1,55,John G. Avildsen,,,,,
1206,Hit and Run,100,2012,6.1,50,David Palmer,Dax Shepard,,,,
1207,Broken Arrow,108,1996,6.1,61,John Woo,,,,,
1208,The Promise,133,2016,6.1,49,Terry George,,,,,
1209,The Collection,82,2012,6.1,38,Marcus Dunstan,,,,,
1210,Windtalkers,134,2002,6.1,51,John Woo,,,,,
1211,Ride Along,99,2014,6.1,41,Tim Story,,,,,
1212,Sky Captain and the World of Tomorrow,106,2004,6.1,64,Kerry Conran,,,,,
1213,American Ultra,96,2015,6.1,50,Nima Nourizadeh,,,,,
1214,Red State,88,2011,6.1,50,Kevin Smith,,,,,
1215,Red Heat,104,1988,6.1,61,Walter Hill,,,,,
1216,Point of No Return,109,1993,6.1,53,John Badham,,,,,
1217,Heist,93,2015,6.1,37,Scott Mann,,,,,
1218,Sphere,134,1998,6.1,35,Barry Levinson,,,,,
1219,Romeo Must Die,115,2000,6.1,52,Andrzej Bartkowiak,,,,,
1220,Solomon Kane,104,2009,6.1,48,M.J. Bassett,,,,,
1221,Broken City,109,2013,6.1,49,Allen Hughes,,,,,
1222,Flight of the Phoenix,113,2004,6.1,47,John Moore,,,,,
1223,Hotel Artemis,94,2018,6.1,58,Drew Pearce,,,,,
1224,30 Minutes or Less,83,2011,6.1,49,Ruben Fleischer,,,,,
1225,Big Stan,105,2007,6.1,,Rob Schneider,,,,,
1226,The Jewel of the Nile,106,1985,6.1,53,Lewis Teague,,,,,
1227,Hobo with a Shotgun,86,2011,6.1,55,Jason Eisener,,,,,
1228,Ironclad,121,2011,6.1,42,Jonathan English,,,,,
1229,Undisputed,94,2002,6.1,58,Walter Hill,,,,,
1230,Conquest of the Planet of the Apes,88,1972,6.1,49,J. Lee Thompson,,,,,
1231,"Tomorrow, When the War Began",104,2010,6.1,54,Stuart Beattie,,,,,
1232,Mercury Rising,111,1998,6.1,37,Harold Becker,,,,,
1233,Gringo,111,2018,6.1,46,Nash Edgerton,,,,,
1234,Murder at 1600,107,1997,6.1,47,Dwight H. Little,,,,,
1235,The Replacement Killers,87,1998,6.1,42,Antoine Fuqua,,,,,
1236,15 Minutes,120,2001,6.1,34,John Herzfeld,,,,,
1237,Welcome to the Punch,99,2013,6.1,49,Eran Creevy,,,,,
1238,The Lovebirds,86,2020,6.1,59,Michael Showalter,,,,,
1239,Seeking Justice,105,2011,6.1,38,Roger Donaldson,,,,,
1240,Chennai Express,141,2013,6.1,45,Rohit Shetty,,,,,
1241,Antitrust,108,2001,6.1,31,Peter Howitt,,,,,
1242,Thunivu,145,2023,6.1,,H. Vinoth,,,,,
1243,Sooryavanshi,145,2021,6.1,,Rohit Shetty,,,,,
1244,2,148,2018,6.1,,S. Shankar,,,,,
1245,Shazam! Fury of the Gods,130,2023,6,47,David F. Sandberg,,,,,
1246,The Fast and the Furious: Tokyo Drift,104,2006,6,45,Justin Lin,,,,,
1247,Mortal Kombat (2021),110,2021,6,44,Simon McQuoid,,,,,
1248,Birds of Prey,109,2020,6,60,Cathy Yan,,,,,
1249,Murder Mystery,97,2019,6,38,Kyle Newacheck,,,,,
1250,Exodus: Gods and Kings,150,2014,6,52,Ridley Scott,,,,,
1251,Van Helsing,131,2004,6,35,Stephen Sommers,,,,,
1252,Godzilla: King of the Monsters,132,2019,6,48,Michael Dougherty,,,,,
1253,S.W.A.T.,117,2003,6,45,Clark Johnson,,,,,
1254,Immortals,110,2011,6,46,Tarsem Singh,,,,,
1255,Sucker Punch,110,2011,6,33,Zack Snyder,,,,,
1256,Gunpowder Milkshake,114,2021,6,47,Navot Papushado,,,,,
1257,Speed Racer,135,2008,6,37,Lana Wachowski,Lilly Wachowski,,,,
1258,Hercules,98,2014,6,47,Brett Ratner,,,,,
1259,Unhinged,90,2020,6,40,Derrick Borte,,,,,
1260,Those Who Wish Me Dead,100,2021,6,59,Taylor Sheridan,,,,,
1261,Miami Vice,132,2006,6,66,Michael Mann,,,,,
1262,Don't Breathe 2,98,2021,6,46,Rodo Sayagues,,,,,
1263,The Tourist,103,2010,6,37,Florian Henckel von Donnersmarck,,,,,
1264,Dante's Peak,108,1997,6,43,Roger Donaldson,,,,,
1265,The Time Machine,96,2002,6,42,Simon Wells,,,,,
1266,The Spy Who Dumped Me,117,2018,6,52,Susanna Fogel,,,,,
1267,Taken 3,108,2014,6,26,Olivier Megaton,,,,,
1268,Project Power,113,2020,6,51,Henry Joost,Ariel Schulman,,,,
1269,Sahara,124,2005,6,41,Breck Eisner,,,,,
1270,Cowboys & Aliens,119,2011,6,50,Jon Favreau,,,,,
1271,G.I. Jane,125,1997,6,62,Ridley Scott,,,,,
1272,Transporter 3,104,2008,6,51,Olivier Megaton,,,,,
1273,The Purge: Election Year,108,2016,6,55,James DeMonaco,,,,,
1274,Beneath the Planet of the Apes,95,1970,6,46,Ted Post,,,,,
1275,CHIPS,100,2017,6,28,Dax Shepard,,,,,
1276,Honest Thief,99,2020,6,46,Mark Williams,,,,,
1277,The Lego Ninjago Movie,101,2017,6,55,Charlie Bean,Paul Fisher,Bob Logan,,,
1278,Teenage Mutant Ninja Turtles II: The Secret of the Ooze,88,1991,6,45,Michael Pressman,,,,,
1279,The Net,114,1995,6,51,Irwin Winkler,,,,,
1280,Shaft,99,2000,6,50,John Singleton,,,,,
1281,A Man Apart,109,2003,6,36,F. Gary Gray,,,,,
1282,Valhalla Rising,93,2009,6,61,Nicolas Winding Refn,,,,,
1283,Captive State,109,2019,6,54,Rupert Wyatt,,,,,
1284,Above the Law,99,1988,6,45,Andrew Davis,,,,,
1285,Soldier,99,1998,6,,Paul W.S. Anderson,,,,,
1286,The Big Hit,91,1998,6,31,Kirk Wong,,,,,
1287,First Knight,134,1995,6,57,Jerry Zucker,,,,,
1288,Erased,100,2012,6,34,Philipp Stölzl,,,,,
1289,The Hunted,94,2003,6,40,William Friedkin,,,,,
1290,The Condemned,113,2007,6,23,Scott Wiper,,,,,
1291,Firestarter,114,1984,6,50,Mark L. Lester,,,,,
1292,The Peacemaker,124,1997,6,43,Mimi Leder,,,,,
1293,Carriers,84,2009,6,,David Pastor,Àlex Pastor,,,,
1294,The Shadow,108,1994,6,50,Russell Mulcahy,,,,,
1295,Wrongfully Accused,87,1998,6,,Pat Proft,,,,,
1296,Varisu,169,2023,6,,Vamshi Paidipally,,,,,
1297,Lockout,95,2012,6,48,James Mather,Steve Saint Leger,,,,
1298,Automata,109,2014,6,37,Gabe Ibáñez,,,,,
1299,Jimmy Neutron: Boy Genius,82,2001,6,65,John A. Davis,,,,,
1300,Man of Tai Chi,105,2013,6,52,Keanu Reeves,,,,,
1301,Bird on a Wire,110,1990,6,36,John Badham,,,,,
1302,The Code,104,2009,6,,Mimi Leder,,,,,
1303,The Machine,91,2013,6,52,Caradog W. James,,,,,
1304,The Tournament,95,2009,6,,Scott Mann,,,,,
1305,K-9,101,1989,6,44,Rod Daniel,,,,,
1306,Kick,146,2014,6,,Sajid Nadiadwala,,,,,
1307,2 Fast 2 Furious,107,2003,5.9,38,John Singleton,,,,,
1308,Punisher: War Zone,103,2008,5.9,30,Lexi Alexander,,,,,
1309,Suicide Squad,123,2016,5.9,40,David Ayer,,,,,
1310,The Great Wall,103,2016,5.9,42,Yimou Zhang,,,,,
1311,Venom: Let There Be Carnage,97,2021,5.9,49,Andy Serkis,,,,,
1312,Conan the Destroyer,103,1984,5.9,53,Richard Fleischer,,,,,
1313,Deep Blue Sea,105,1999,5.9,54,Renny Harlin,,,,,
1314,Power Rangers,124,2017,5.9,44,Dean Israelite,,,,,
1315,Transformers: Revenge of the Fallen,149,2009,5.9,35,Michael Bay,,,,,
1316,Pathaan,146,2023,5.9,47,Siddharth Anand,,,,,
1317,The Last Witch Hunter,106,2015,5.9,34,Breck Eisner,,,,,
1318,Underwater,95,2020,5.9,48,William Eubank,,,,,
1319,Jurassic Park III,92,2001,5.9,42,Joe Johnston,,,,,
1320,Into the Blue,110,2005,5.9,45,John Stockwell,,,,,
1321,Teenage Mutant Ninja Turtles: Out of the Shadows,112,2016,5.9,40,Dave Green,,,,,
1322,The Wandering Earth,125,2019,5.9,57,Frant Gwo,,,,,
1323,London Has Fallen,99,2016,5.9,28,Babak Najafi,,,,,
1324,The Brothers Grimm,118,2005,5.9,51,Terry Gilliam,,,,,
1325,Six Days Seven Nights,102,1998,5.9,51,Ivan Reitman,,,,,
1326,The One,87,2001,5.9,25,James Wong,,,,,
1327,The Rookie,120,1990,5.9,41,Clint Eastwood,,,,,
1328,Timecop,99,1994,5.9,48,Peter Hyams,,,,,
1329,Iron Sky,93,2012,5.9,,Timo Vuorensola,,,,,
1330,Abraham Lincoln: Vampire Hunter,105,2012,5.9,42,Timur Bekmambetov,,,,,
1331,Braven,94,2018,5.9,61,Lin Oeding,,,,,
1332,Doomsday,105,2008,5.9,51,Neil Marshall,,,,,
1333,The Black Hole,98,1979,5.9,52,Gary Nelson,,,,,
1334,Star Wars: The Clone Wars,98,2008,5.9,35,Dave Filoni,,,,,
1335,The Legend of Zorro,129,2005,5.9,47,Martin Campbell,,,,,
1336,Keeping Up with the Joneses,105,2016,5.9,34,Greg Mottola,,,,,
1337,The 6th Day,123,2000,5.9,49,Roger Spottiswoode,,,,,
1338,Firefox,136,1982,5.9,44,Clint Eastwood,,,,,
1339,Daylight,114,1996,5.9,47,Rob Cohen,,,,,
1340,The Golden Child,94,1986,5.9,37,Michael Ritchie,,,,,
1341,Kidnap,95,2017,5.9,44,Luis Prieto,,,,,
1342,Sanctum,108,2011,5.9,42,Alister Grierson,,,,,
1343,Another 48 Hrs.,95,1990,5.9,23,Walter Hill,,,,,
1344,Vertical Limit,124,2000,5.9,48,Martin Campbell,,,,,
1345,Domino,127,2005,5.9,36,Tony Scott,,,,,
1346,The Fan,116,1996,5.9,32,Tony Scott,,,,,
1347,Red Tails,125,2012,5.9,46,Anthony Hemingway,,,,,
1348,Ride Along 2,102,2016,5.9,32,Tim Story,,,,,
1349,Gone,94,2012,5.9,36,Heitor Dhalia,,,,,
1350,Passenger 57,84,1992,5.9,50,Kevin Hooks,,,,,
1351,3000 Miles to Graceland,125,2001,5.9,21,Demian Lichtenstein,,,,,
1352,Undercover Brother,86,2002,5.9,69,Malcolm D. Lee,,,,,
1353,Fatman,100,2020,5.9,40,Eshom Nelms,Ian Nelms,,,,
1354,Fortress,95,1992,5.9,48,Stuart Gordon,,,,,
1355,Men at Work,98,1990,5.9,34,Emilio Estevez,,,,,
1356,Hard Rain,97,1998,5.9,36,Mikael Salomon,,,,,
1357,The Double,98,2011,5.9,37,Michael Brandt,,,,,
1358,Tiger Lives,161,2017,5.9,,Mehmet Tutkun,Ali Abbas Zafar,Musa Muhammed Olayinka,,,
1359,Ghosted,116,2023,5.8,34,Dexter Fletcher,,,,,
1360,The School for Good and Evil,147,2022,5.8,30,Paul Feig,,,,,
1361,2012,158,2009,5.8,49,Roland Emmerich,,,,,
1362,Battleship,131,2012,5.8,41,Peter Berg,,,,,
1363,Army of the Dead,148,2021,5.8,57,Zack Snyder,,,,,
1364,Mortal Kombat,101,1995,5.8,60,Paul W.S. Anderson,,,,,
1365,Oldboy,104,2013,5.8,49,Spike Lee,,,,,
1366,Clash of the Titans,106,2010,5.8,39,Louis Leterrier,,,,,
1367,Teenage Mutant Ninja Turtles,101,2014,5.8,31,Jonathan Liebesman,,,,,
1368,xXx,124,2002,5.8,48,Rob Cohen,,,,,
1369,The Man from Toronto,110,2022,5.8,34,Patrick Hughes,,,,,
1370,Species,108,1995,5.8,49,Roger Donaldson,,,,,
1371,Cobra,87,1986,5.8,25,George P. Cosmatos,,,,,
1372,Blade: Trinity,113,2004,5.8,38,David S. Goyer,,,,,
1373,Noah,138,2014,5.8,68,Darren Aronofsky,,,,,
1374,Troll,101,2022,5.8,62,Roar Uthaug,,,,,
1375,Hollow Man,112,2000,5.8,24,Paul Verhoeven,,,,,
1376,Haywire,93,2011,5.8,67,Steven Soderbergh,,,,,
1377,The League of Extraordinary Gentlemen,110,2003,5.8,30,Stephen Norrington,,,,,
1378,Journey to the Center of the Earth,93,2008,5.8,57,Eric Brevig,,,,,
1379,Cirque du Freak: The Vampire's Assistant,109,2009,5.8,43,Paul Weitz,,,,,
1380,End of Days,122,1999,5.8,33,Peter Hyams,,,,,
1381,Without Remorse,109,2021,5.8,41,Stefano Sollima,,,,,
1382,Lake Placid,82,1999,5.8,34,Steve Miner,,,,,
1383,RoboCop 2,117,1990,5.8,42,Irvin Kershner,,,,,
1384,The Host,125,2013,5.8,35,Andrew Niccol,,,,,
1385,The Mortal Instruments: City of Bones,130,2013,5.8,33,Harald Zwart,,,,,
1386,Extinction,95,2018,5.8,40,Ben Young,,,,,
1387,Pride and Prejudice and Zombies,108,2016,5.8,45,Burr Steers,,,,,
1388,Wild Hogs,100,2007,5.8,27,Walt Becker,,,,,
1389,Over the Top,93,1987,5.8,40,Menahem Golan,,,,,
1390,Morgan,92,2016,5.8,48,Luke Scott,,,,,
1391,Rambo III,102,1988,5.8,36,Peter MacDonald,,,,,
1392,Into the Storm,89,2014,5.8,44,Steven Quale,,,,,
1393,Resident Evil: Afterlife,96,2010,5.8,37,Paul W.S. Anderson,,,,,
1394,Skyscraper,102,2018,5.8,51,Rawson Marshall Thurber,,,,,
1395,Straw Dogs,110,2011,5.8,45,Rod Lurie,,,,,
1396,1941,118,1979,5.8,34,Steven Spielberg,,,,,
1397,Around the World in 80 Days,120,2004,5.8,49,Frank Coraci,,,,,
1398,Sudden Death,111,1995,5.8,,Peter Hyams,,,,,
1399,The Green Hornet,119,2011,5.8,39,Michel Gondry,,,,,
1400,Striking Distance,102,1993,5.8,36,Rowdy Herrington,,,,,
1401,The Gunman,115,2015,5.8,39,Pierre Morel,,,,,
1402,Reindeer Games,104,2000,5.8,37,John Frankenheimer,,,,,
1403,Hard to Kill,96,1990,5.8,41,Bruce Malmuth,,,,,
1404,Bulletproof,84,1996,5.8,30,Ernest R. Dickerson,,,,,
1405,Air America,113,1990,5.8,33,Roger Spottiswoode,,,,,
1406,Cradle 2 the Grave,101,2003,5.8,36,Andrzej Bartkowiak,,,,,
1407,Firewall,105,2006,5.8,45,Richard Loncraine,,,,,
1408,Taxi 3,84,2003,5.8,,Gérard Krawczyk,,,,,
1409,Samrat Prithviraj,135,2022,5.8,,Chandra Prakash Dwivedi,,,,,
1410,The Three Musketeers,110,2011,5.7,35,Paul W.S. Anderson,,,,,
1411,Murder Mystery 2,90,2023,5.7,44,Jeremy Garelick,,,,,
1412,The Matrix Resurrections,148,2021,5.7,63,Lana Wachowski,,,,,
1413,Escape Room: Tournament of Champions,88,2021,5.7,48,Adam Robitel,,,,,
1414,G.I. Joe: Retaliation,110,2013,5.7,41,Jon M. Chu,,,,,
1415,Mulan,115,2020,5.7,66,Niki Caro,,,,,
1416,Memory,114,2022,5.7,41,Martin Campbell,,,,,
1417,Mechanic: Resurrection,98,2016,5.7,38,Dennis Gansel,,,,,
1418,G.I. Joe: The Rise of Cobra,118,2009,5.7,32,Stephen Sommers,,,,,
1419,Planet of the Apes,119,2001,5.7,50,Tim Burton,,,,,
1420,X-Men: Dark Phoenix,113,2019,5.7,43,Simon Kinberg,,,,,
1421,Samaritan,102,2022,5.7,45,Julius Avery,,,,,
1422,Fantastic Four (2005),106,2005,5.7,40,Tim Story,,,,,
1423,Bloodshot,109,2020,5.7,44,Dave Wilson,,,,,
1424,Freddy vs. Jason,97,2003,5.7,37,Ronny Yu,,,,,
1425,Underworld: Blood Wars,91,2016,5.7,23,Anna Foerster,,,,,
1426,Allegiant,120,2016,5.7,33,Robert Schwentke,,,,,
1427,Journey 2: The Mysterious Island,94,2012,5.7,41,Brad Peyton,,,,,
1428,Chaos Walking,109,2021,5.7,38,Doug Liman,,,,,
1429,Buffy the Vampire Slayer,86,1992,5.7,48,Fran Rubel Kuzui,,,,,
1430,Pan,111,2015,5.7,36,Joe Wright,,,,,
1431,Hitman: Agent 47,96,2015,5.7,28,Aleksander Bach,,,,,
1432,Only God Forgives,90,2013,5.7,37,Nicolas Winding Refn,,,,,
1433,Lara Croft: Tomb Raider,100,2001,5.7,33,Simon West,,,,,
1434,Wrath of the Titans,99,2012,5.7,37,Jonathan Liebesman,,,,,
1435,Fool's Gold,112,2008,5.7,29,Andy Tennant,,,,,
1436,Battle Los Angeles,116,2011,5.7,37,Jonathan Liebesman,,,,,
1437,Crocodile Dundee II,108,1988,5.7,41,John Cornell,,,,,
1438,Gamer,95,2009,5.7,27,Mark Neveldine,Brian Taylor,,,,
1439,The Darkest Minds,104,2018,5.7,39,Jennifer Yuh Nelson,,,,,
1440,Escape from L.A.,101,1996,5.7,54,John Carpenter,,,,,
1441,Poseidon,98,2006,5.7,50,Wolfgang Petersen,,,,,
1442,The Do-Over,108,2016,5.7,22,Steven Brill,,,,,
1443,Sabotage,109,2014,5.7,41,David Ayer,,,,,
1444,Gemini Man,117,2019,5.7,38,Ang Lee,,,,,
1445,Cutthroat Island,124,1995,5.7,37,Renny Harlin,,,,,
1446,Cooties,88,2014,5.7,49,Jonathan Milott,Cary Murnion,,,,
1447,Priest,87,2011,5.7,41,Scott Stewart,,,,,
1448,Bullet to the Head,92,2012,5.7,48,Walter Hill,,,,,
1449,Mighty Joe Young,114,1998,5.7,51,Ron Underwood,,,,,
1450,Race to Witch Mountain,98,2009,5.7,52,Andy Fickman,,,,,
1451,Hudson Hawk,100,1991,5.7,17,Michael Lehmann,,,,,
1452,Beckett,110,2021,5.7,52,Ferdinando Cito Filomarino,,,,,
1453,Close,94,2019,5.7,51,Vicky Jewson,,,,,
1454,Ben-Hur,123,2016,5.7,38,Timur Bekmambetov,,,,,
1455,Drillbit Taylor,110,2008,5.7,41,Steven Brill,,,,,
1456,Red Planet,106,2000,5.7,34,Antony Hoffman,,,,,
1457,Money Train,110,1995,5.7,,Joseph Ruben,,,,,
1458,Nowhere to Run,94,1993,5.7,41,Robert Harmon,,,,,
1459,Bandidas,93,2006,5.7,,Joachim Rønning,Espen Sandberg,,,,
1460,The Art of War,117,2000,5.7,30,Christian Duguay,,,,,
1461,Armored,88,2009,5.7,50,Nimród Antal,,,,,
1462,The Mother,115,2023,5.6,45,Niki Caro,,,,,
1463,The Meg,113,2018,5.6,46,Jon Turteltaub,,,,,
1464,Jurassic World: Dominion,147,2022,5.6,38,Colin Trevorrow,,,,,
1465,Strange World,102,2022,5.6,65,Don Hall,Qui Nguyen,,,,
1466,Transformers: Age of Extinction,165,2014,5.6,32,Michael Bay,,,,,
1467,Beast Hollywood Movie (2022),93,2022,5.6,54,Baltasar Kormákur,,,,,
1468,R.I.P.D.,96,2013,5.6,25,Robert Schwentke,,,,,
1469,Men in Black: International,114,2019,5.6,38,F. Gary Gray,,,,,
1470,Last Seen Alive,95,2022,5.6,,Brian Goodman,,,,,
1471,Charlie's Angels (2000),98,2000,5.6,52,McG,,,,,
1472,Pixels,105,2015,5.6,27,Chris Columbus,,,,,
1473,The Pacifier,95,2005,5.6,30,Adam Shankman,,,,,
1474,Spy Kids,88,2001,5.6,71,Robert Rodriguez,,,,,
1475,Hulk,138,2003,5.6,54,Ang Lee,,,,,
1476,You Don't Mess with the Zohan,113,2008,5.6,54,Dennis Dugan,,,,,
1477,Alexander,175,2004,5.6,40,Oliver Stone,,,,,
1478,Assassin's Creed,115,2016,5.6,36,Justin Kurzel,,,,,
1479,The Dark Tower,95,2017,5.6,34,Nikolaj Arcel,,,,,
1480,Alien vs. Predator,101,2004,5.6,29,Paul W.S. Anderson,,,,,
1481,Pacific Rim: Uprising,111,2018,5.6,44,Steven S. DeKnight,,,,,
1482,Wild Card,92,2015,5.6,40,Simon West,,,,,
1483,Judge Dredd,96,1995,5.6,,Danny Cannon,,,,,
1484,Fantastic Four: Rise of the Silver Surfer,92,2007,5.6,45,Tim Story,,,,,
1485,Johnny Mnemonic,96,1995,5.6,36,Robert Longo,,,,,
1486,The Specialist,110,1994,5.6,,Luis Llosa,,,,,
1487,Machete Kills,107,2013,5.6,41,Robert Rodriguez,,,,,
1488,Timeline,116,2003,5.6,28,Richard Donner,,,,,
1489,The Ice Road,109,2021,5.6,42,Jonathan Hensleigh,,,,,
1490,Hold the Dark,125,2018,5.6,63,Jeremy Saulnier,,,,,
1491,The Marksman,108,2021,5.6,44,Robert Lorenz,,,,,
1492,Jolt,91,2021,5.6,48,Tanya Wexler,,,,,
1493,Jay and Silent Bob Reboot,105,2019,5.6,46,Kevin Smith,,,,,
1494,Raw Deal,106,1986,5.6,44,John Irvin,,,,,
1495,Double Impact,110,1991,5.6,40,Sheldon Lettich,,,,,
1496,National Security,88,2003,5.6,31,Dennis Dugan,,,,,
1497,Brick Mansions,90,2014,5.6,40,Camille Delamarre,,,,,
1498,Brahmastra Part One: Shiva,167,2022,5.6,57,Ayan Mukerji,,,,,
1499,Chain Reaction,107,1996,5.6,43,Andrew Davis,,,,,
1500,The Skulls,106,2000,5.6,24,Rob Cohen,,,,,
1501,MacGruber,90,2010,5.6,43,Jorma Taccone,,,,,
1502,Survivor,96,2015,5.6,28,James McTeigue,,,,,
1503,Bad Company,116,2002,5.6,37,Joel Schumacher,,,,,
1504,The Pink Panther 2,92,2009,5.6,36,Harald Zwart,,,,,
1505,Sleepless,95,2017,5.6,34,Baran bo Odar,,,,,
1506,Exit Wounds,101,2001,5.6,39,Andrzej Bartkowiak,,,,,
1507,Fire with Fire,97,2012,5.6,,David Barrett,,,,,
1508,12 Rounds,108,2009,5.6,38,Renny Harlin,,,,,
1509,The Quest,95,1996,5.6,,Jean-Claude Van Damme,,,,,
1510,The Contract,96,2006,5.6,,Bruce Beresford,,,,,
1511,Metro,117,1997,5.6,41,Thomas Carter,,,,,
1512,Once There Was a Tiger,132,2012,5.6,,Mathur Goswami,Kabir Khan,,,,
1513,Bang Bang,153,2014,5.6,,Siddharth Anand,,,,,
1514,Baywatch,116,2017,5.5,37,Seth Gordon,,,,,
1515,Willy's Wonderland,88,2021,5.5,44,Kevin Lewis,,,,,
1516,The Scorpion King,92,2002,5.5,45,Chuck Russell,,,,,
1517,The Core,135,2003,5.5,48,Jon Amiel,,,,,
1518,The 355,122,2022,5.5,40,Simon Kinberg,,,,,
1519,Your Highness,102,2011,5.5,31,David Gordon Green,,,,,
1520,George of the Jungle,92,1997,5.5,53,Sam Weisman,,,,,
1521,The Cloverfield Paradox,102,2018,5.5,37,Julius Onah,,,,,
1522,Green Lantern,114,2011,5.5,39,Martin Campbell,,,,,
1523,Sweet Girl,110,2021,5.5,46,Brian Andrew Mendoza,,,,,
1524,Beverly Hills Cop III,104,1994,5.5,16,John Landis,,,,,
1525,Resident Evil: The Final Chapter,107,2016,5.5,49,Paul W.S. Anderson,,,,,
1526,Snakes on a Plane,105,2006,5.5,58,David R. Ellis,,,,,
1527,Seventh Son,102,2014,5.5,30,Sergei Bodrov,,,,,
1528,Volcano,104,1997,5.5,55,Mick Jackson,,,,,
1529,Eight Legged Freaks,99,2002,5.5,53,Ellory Elkayem,,,,,
1530,Virtuosity,106,1995,5.5,39,Brett Leonard,,,,,
1531,The Bounty Hunter,110,2010,5.5,22,Andy Tennant,,,,,
1532,Under Siege 2: Dark Territory,100,1995,5.5,52,Geoff Murphy,,,,,
1533,Peninsula,116,2020,5.5,51,Sang-ho Yeon,,,,,
1534,Pompeii,105,2014,5.5,39,Paul W.S. Anderson,,,,,
1535,Star Trek V: The Final Frontier,107,1989,5.5,43,William Shatner,,,,,
1536,Mortdecai,107,2015,5.5,27,David Koepp,,,,,
1537,Collateral Damage,108,2002,5.5,33,Andrew Davis,,,,,
1538,Lara Croft: Tomb Raider - The Cradle of Life,117,2003,5.5,43,Jan de Bont,,,,,
1539,Babylon A.D.,90,2008,5.5,26,Mathieu Kassovitz,,,,,
1540,Beverly Hills Ninja,88,1997,5.5,27,Dennis Dugan,,,,,
1541,Cop Out,107,2010,5.5,31,Kevin Smith,,,,,
1542,Fighting,105,2009,5.5,61,Dito Montiel,,,,,
1543,Whiteout,101,2009,5.5,,Dominic Sena,,,,,
1544,Stolen,96,2012,5.5,43,Simon West,,,,,
1545,The Man,83,2005,5.5,33,Les Mayfield,,,,,
1546,Showtime,95,2002,5.5,32,Tom Dey,,,,,
1547,Taxi 4,91,2007,5.5,,Gérard Krawczyk,,,,,
1548,Gunjan Saxena: The Kargil Girl,112,2020,5.5,,ALi Khan AK,Sharan Sharma,,,,
1549,65,93,2023,5.4,40,Scott Beck,Bryan Woods,,,,
1550,Gods of Egypt,127,2016,5.4,25,Alex Proyas,,,,,
1551,The Forever Purge,103,2021,5.4,53,Everardo Gout,,,,,
1552,Shotgun Wedding,101,2022,5.4,46,Jason Moore,,,,,
1553,Wonder Woman 1984,151,2020,5.4,60,Patty Jenkins,,,,,
1554,Spiderhead,106,2022,5.4,54,Joseph Kosinski,,,,,
1555,The Mummy,110,2017,5.4,34,Alex Kurtzman,,,,,
1556,Batman Forever,121,1995,5.4,51,Joel Schumacher,,,,,
1557,Infinite,106,2021,5.4,28,Antoine Fuqua,,,,,
1558,Ava,96,2020,5.4,39,Tate Taylor,,,,,
1559,Godzilla,139,1998,5.4,32,Roland Emmerich,,,,,
1560,Big Game,110,2014,5.4,53,Jalmari Helander,,,,,
1561,Snake Eyes,121,2021,5.4,43,Robert Schwentke,,,,,
1562,Drive Angry,104,2011,5.4,44,Patrick Lussier,,,,,
1563,Maximum Overdrive,98,1986,5.4,24,Stephen King,,,,,
1564,Æon Flux,93,2005,5.4,36,Karyn Kusama,,,,,
1565,"Game Over, Man!",101,2018,5.4,32,Kyle Newacheck,,,,,
1566,Vampire Academy,104,2014,5.4,31,Mark Waters,,,,,
1567,Blackhat,133,2015,5.4,51,Michael Mann,,,,,
1568,Killers,100,2010,5.4,21,Robert Luketic,,,,,
1569,The Happytime Murders,91,2018,5.4,27,Brian Henson,,,,,
1570,The Last Legion,101,2007,5.4,37,Doug Lefler,,,,,
1571,Season of the Witch,95,2011,5.4,28,Dominic Sena,,,,,
1572,Outside the Wire,114,2021,5.4,45,Mikael Håfström,,,,,
1573,The Man with the Iron Fists,95,2012,5.4,51,RZA,,,,,
1574,D3: The Mighty Ducks,104,1996,5.4,,Robert Lieberman,,,,,
1575,The Spy Next Door,94,2010,5.4,27,Brian Levant,,,,,
1576,The Tuxedo,98,2002,5.4,30,Kevin Donovan,,,,,
1577,Pathfinder,99,2007,5.4,29,Marcus Nispel,,,,,
1578,Battle for the Planet of the Apes,93,1973,5.4,40,J. Lee Thompson,,,,,
1579,Bulletproof Monk,104,2003,5.4,40,Paul Hunter,,,,,
1580,I Spy,97,2002,5.4,35,Betty Thomas,,,,,
1581,Killing Season,91,2013,5.4,25,Mark Steven Johnson,,,,,
1582,Dhoom 3,172,2013,5.4,61,Vijay Krishna Acharya,,,,,
1583,The Predator,107,2018,5.3,48,Shane Black,,,,,
1584,Masters of the Universe,106,1987,5.3,35,Gary Goddard,,,,,
1585,Ghost Rider,110,2007,5.3,35,Mark Steven Johnson,,,,,
1586,Point Break,114,2015,5.3,34,Ericson Core,,,,,
1587,Jupiter Ascending,127,2015,5.3,40,Lana Wachowski,Lilly Wachowski,,,,
1588,Geostorm,109,2017,5.3,21,Dean Devlin,,,,,
1589,Tank Girl,104,1995,5.3,46,Rachel Talalay,,,,,
1590,The New Mutants,94,2020,5.3,43,Josh Boone,,,,,
1591,Daredevil,103,2003,5.3,42,Mark Steven Johnson,,,,,
1592,Robin Hood,116,2018,5.3,32,Otto Bathurst,,,,,
1593,Max Payne,100,2008,5.3,31,John Moore,,,,,
1594,Congo,109,1995,5.3,22,Frank Marshall,,,,,
1595,Resident Evil: Retribution,95,2012,5.3,39,Paul W.S. Anderson,,,,,
1596,Spy Hard,81,1996,5.3,25,Rick Friedberg,,,,,
1597,The Karate Kid Part III,112,1989,5.3,36,John G. Avildsen,,,,,
1598,Red Dawn,93,2012,5.3,31,Dan Bradley,,,,,
1599,Spy Kids 2: Island of Lost Dreams,100,2002,5.3,66,Robert Rodriguez,,,,,
1600,Land of the Lost,102,2009,5.3,32,Brad Silberling,,,,,
1601,One for the Money,91,2012,5.3,22,Julie Anne Robinson,,,,,
1602,The Colony,95,2013,5.3,28,Jeff Renfroe,,,,,
1603,Bangkok Dangerous,99,2008,5.3,24,Danny Pang,Oxide Chun Pang,,,,
1604,Hollywood Homicide,116,2003,5.3,47,Ron Shelton,,,,,
1605,Universal Soldier: Regeneration,97,2009,5.3,70,John Hyams,,,,,
1606,The Way to Paradise,,2011,5.3,,Enzo Zelocchi,,,,,
1607,F9: The Fast Saga,143,2021,5.2,58,Justin Lin,,,,,
1608,Transformers: The Last Knight,154,2017,5.2,27,Michael Bay,,,,,
1609,Morbius,104,2022,5.2,35,Daniel Espinosa,,,,,
1610,The Covenant,97,2006,5.2,19,Renny Harlin,,,,,
1611,Resident Evil: Welcome to Raccoon City,107,2021,5.2,44,Johannes Roberts,,,,,
1612,The Mummy: Tomb of the Dragon Emperor,112,2008,5.2,31,Rob Cohen,,,,,
1613,xXx: Return of Xander Cage,107,2017,5.2,42,D.J. Caruso,,,,,
1614,Legion,100,2010,5.2,32,Scott Stewart,,,,,
1615,Hellboy,120,2019,5.2,31,Neil Marshall,,,,,
1616,Spawn,96,1997,5.2,34,Mark A.Z. Dippé,,,,,
1617,Monster Hunter,103,2020,5.2,47,Paul W.S. Anderson,,,,,
1618,Independence Day: Resurgence,120,2016,5.2,32,Roland Emmerich,,,,,
1619,The Bad Batch,118,2016,5.2,62,Ana Lily Amirpour,,,,,
1620,The 5th Wave,112,2016,5.2,33,J Blakeson,,,,,
1621,Mighty Morphin Power Rangers,95,1995,5.2,40,Bryan Spicer,,,,,
1622,The Transporter Refueled,96,2015,5.2,32,Camille Delamarre,,,,,
1623,Doom,105,2005,5.2,34,Andrzej Bartkowiak,,,,,
1624,Lost in Space,130,1998,5.2,42,Stephen Hopkins,,,,,
1625,Big Momma's House,99,2000,5.2,33,Raja Gosnell,,,,,
1626,A Good Day to Die Hard,98,2013,5.2,28,John Moore,,,,,
1627,The First Purge,97,2018,5.2,54,Gerard McMurray,,,,,
1628,Paul Blart: Mall Cop,91,2009,5.2,39,Steve Carr,,,,,
1629,The Medallion,88,2003,5.2,38,Gordon Chan,,,,,
1630,Mutant Chronicles,111,2008,5.2,,Simon Hunter,,,,,
1631,Beast Indian Movie (2022),155,2022,5.2,,Nelson Dilipkumar,,,,,
1632,Bachchhan Paandey,147,2022,5.2,,Farhad Samji,,,,,
1633,Moonfall,130,2022,5.1,41,Roland Emmerich,,,,,
1634,Conan the Barbarian,113,2011,5.1,36,Marcus Nispel,,,,,
1635,Red Sonja,89,1985,5.1,35,Richard Fleischer,,,,,
1636,"I, Frankenstein",92,2014,5.1,30,Stuart Beattie,,,,,
1637,Eragon,104,2006,5.1,38,Stefen Fangmeier,,,,,
1638,"10,000 BC",109,2008,5.1,34,Roland Emmerich,,,,,
1639,Miss Congeniality 2: Armed & Fabulous,115,2005,5.1,34,John Pasquin,,,,,
1640,Agent Cody Banks,102,2003,5.1,41,Harald Zwart,,,,,
1641,G-Force,88,2009,5.1,41,Hoyt Yeatman,,,,,
1642,Stealth,121,2005,5.1,35,Rob Cohen,,,,,
1643,Abduction,106,2011,5.1,25,John Singleton,,,,,
1644,Cats & Dogs,87,2001,5.1,47,Lawrence Guterman,,,,,
1645,Hot Pursuit,87,2015,5.1,31,Anne Fletcher,,,,,
1646,Get Carter,102,2000,5.1,24,Stephen Kay,,,,,
1647,Stormbreaker,93,2006,5.1,42,Geoffrey Sax,,,,,
1648,Alex Cross,101,2012,5.1,30,Rob Cohen,,,,,
1649,Charlie's Angels,118,2019,5,52,Elizabeth Banks,,,,,
1650,The Twilight Saga: Eclipse,124,2010,5,58,David Slade,,,,,
1651,How It Ends,113,2018,5,36,David M. Rosenthal,,,,,
1652,Superman III,125,1983,5,44,Richard Lester,,,,,
1653,Cyborg,86,1989,5,24,Albert Pyun,,,,,
1654,Shadow in the Cloud,83,2020,5,66,Roseanne Liang,,,,,
1655,See No Evil,84,2006,5,17,Gregory Dark,,,,,
1656,The Phantom,100,1996,5,53,Simon Wincer,,,,,
1657,Virus,99,1999,5,19,John Bruno,,,,,
1658,Dilwale,158,2015,5,,Rohit Shetty,,,,,
1659,The Darkest Hour,89,2011,4.9,18,Chris Gorak,,,,,
1660,Charlie's Angels: Full Throttle,106,2003,4.9,48,McG,,,,,
1661,Wild Wild West,106,1999,4.9,38,Barry Sonnenfeld,,,,,
1662,The Cold Light of Day,93,2012,4.9,22,Mabrouk El Mechri,,,,,
1663,Dracula 2000,99,2000,4.9,26,Patrick Lussier,,,,,
1664,Ghosts of Mars,98,2001,4.9,35,John Carpenter,,,,,
1665,Blues Brothers 2000,123,1998,4.9,,John Landis,,,,,
1666,Happy New Year,180,2014,4.9,,Farah Khan,,,,,
1667,Anaconda,89,1997,4.8,37,Luis Llosa,,,,,
1668,The Ridiculous 6,119,2015,4.8,18,Frank Coraci,,,,,
1669,After Earth,100,2013,4.8,33,M. Night Shyamalan,,,,,
1670,DOA: Dead or Alive,87,2006,4.8,38,Corey Yuen,,,,,
1671,Crocodile Dundee in Los Angeles,95,2001,4.8,37,Simon Wincer,,,,,
1672,Tekken,92,2010,4.8,,Dwight H. Little,,,,,
1673,Teenage Mutant Ninja Turtles III,96,1993,4.8,40,Stuart Gillard,,,,,
1674,Double Team,93,1997,4.8,44,Hark Tsui,,,,,
1675,Godsend,102,2004,4.8,24,Frank M. Calo,Nick Hamm,,,,
1676,Howard the Duck,110,1986,4.7,28,Willard Huyck,,,,,
1677,Zoolander 2,101,2016,4.7,34,Ben Stiller,,,,,
1678,Elektra,97,2005,4.7,34,Rob Bowman,,,,,
1679,The Spirit,103,2008,4.7,30,Frank Miller,,,,,
1680,The Marine,92,2006,4.7,45,John Bonito,,,,,
1681,Jonah Hex,81,2010,4.7,33,Jimmy Hayward,,,,,
1682,Anacondas: The Hunt for the Blood Orchid,97,2004,4.7,40,Dwight H. Little,,,,,
1683,Ra.One,156,2011,4.7,60,Anubhav Sinha,,,,,
1684,Shamshera,178,2022,4.7,,Karan Malhotra,,,,,
1685,Bharat,150,2019,4.7,,Ali Abbas Zafar,,,,,
1686,Bodyguard,130,2011,4.7,41,Siddique,,,,,
1687,Interceptor,99,2022,4.6,51,Matthew Reilly,,,,,
1688,Superhero Movie,75,2008,4.6,33,Craig Mazin,,,,,
1689,Aliens vs. Predator: Requiem,94,2007,4.6,29,Colin Strause,Greg Strause,,,,
1690,Shehzada,142,2023,4.6,,Rohit Dhawan,,,,,
1691,Driven,116,2001,4.6,29,Renny Harlin,,,,,
1692,Snatched,90,2017,4.6,45,Jonathan Levine,,,,,
1693,Thunder Force,106,2021,4.5,34,Ben Falcone,,,,,
1694,Taxi,97,2004,4.5,27,Tim Story,,,,,
1695,Home Alone 3,102,1997,4.5,,Raja Gosnell,,,,,
1696,Species II,93,1998,4.5,19,Peter Medak,,,,,
1697,xXx: State of the Union,101,2005,4.5,37,Lee Tamahori,,,,,
1698,Kangaroo Jack,89,2003,4.5,16,David McNally,,,,,
1699,Skyline,92,2010,4.5,26,Colin Strause,Greg Strause,,,,
1700,The Next Karate Kid,107,1994,4.5,36,Christopher Cain,,,,,
1701,Jason X,92,2001,4.4,25,James Isaac,,,,,
1702,Cell,98,2016,4.4,38,Tod Williams,,,,,
1703,"Big Mommas: Like Father, Like Son",107,2011,4.4,22,John Whitesell,,,,,
1704,Paul Blart: Mall Cop 2,94,2015,4.4,13,Andy Fickman,,,,,
1705,Fantastic Four,100,2015,4.3,27,Josh Trank,,,,,
1706,Spy Kids 3: Game Over,84,2003,4.3,57,Robert Rodriguez,,,,,
1707,Ghost Rider: Spirit of Vengeance,96,2011,4.3,34,Mark Neveldine,Brian Taylor,,,,
1708,Ultraviolet,88,2006,4.3,18,Kurt Wimmer,,,,,
1709,Stop! Or My Mom Will Shoot,87,1992,4.3,,Roger Spottiswoode,,,,,
1710,Inspector Gadget,78,1999,4.2,36,David Kellogg,,,,,
1711,Highlander II: The Quickening,91,1991,4.2,31,Russell Mulcahy,,,,,
1712,The Legend of Hercules,99,2014,4.2,22,Renny Harlin,,,,,
1713,Universal Soldier: The Return,83,1999,4.2,24,Mic Rodgers,,,,,
1714,Coolie No. 1,134,2020,4.2,,David Dhawan,,,,,
1715,Torque,84,2004,4.1,41,Joseph Kahn,,,,,
1716,RoboCop 3,104,1993,4.1,40,Fred Dekker,,,,,
1717,Street Fighter,102,1994,4,34,Steven E. de Souza,,,,,
1718,The Last Airbender,103,2010,4,20,M. Night Shyamalan,,,,,
1719,Shark Night,90,2011,4,22,David R. Ellis,,,,,
1720,Speed 2: Cruise Control,121,1997,3.9,23,Jan de Bont,,,,,
1721,In the Name of the King: A Dungeon Siege Tale,127,2007,3.8,15,Uwe Boll,,,,,
1722,Escape Plan 2: Hades,96,2018,3.8,,Steven C. Miller,,,,,
1723,The Avengers,89,1998,3.8,12,Jeremiah S. Chechik,,,,,
1724,The Adventures of Pluto Nash,95,2002,3.8,12,Ron Underwood,,,,,
1725,Batman & Robin,125,1997,3.7,28,Joel Schumacher,,,,,
1726,The Adventures of Sharkboy and Lavagirl 3-D,93,2005,3.7,38,Robert Rodriguez,,,,,
1727,Superman IV: The Quest for Peace,90,1987,3.7,24,Sidney J. Furie,,,,,
1728,Dungeons & Dragons,107,2000,3.6,14,Courtney Solomon,,,,,
1729,Mortal Kombat: Annihilation,95,1997,3.6,11,John R. Leonetti,,,,,
1730,Crimea,,2017,3.6,,Aleksey Pimanov,,,,,
1731,Barb Wire,98,1996,3.5,40,David Hogan,,,,,
1732,Spy Kids 4: All the Time in the World,89,2011,3.5,37,Robert Rodriguez,,,,,
1733,Catwoman,104,2004,3.4,27,Pitof,,,,,
1734,Left Behind,110,2014,3.1,12,Vic Armstrong,,,,,
1735,Rollerball,98,2002,3.1,14,John McTiernan,,,,,
1736,BloodRayne,95,2005,2.9,18,Uwe Boll,,,,,
1737,Liger,140,2022,2.7,,Puri Jagannadh,,,,,
1738,Gunday,152,2014,2.7,,Ali Abbas Zafar,,,,,
1739,Dragonball Evolution,85,2009,2.5,45,James Wong,,,,,
1740,Battlefield Earth,118,2000,2.5,9,Roger Christian,,,,,
1741,Heropanti 2,145,2022,2.5,,Ahmed Khan,,,,,
1742,Laxmii,141,2020,2.5,,Raghava Lawrence,Balakrishnan Thevar,,,,
1743,Alone in the Dark,96,2005,2.4,9,Uwe Boll,,,,,
1744,The Prototype,,2022,2.4,,Marcelo Grion,,,,,
1745,House of the Dead,90,2003,2.1,15,Uwe Boll,,,,,
1746,Radhe,109,2021,1.9,,Prabhu Deva,,,,,
1747,Race 3,160,2018,1.9,,Remo D'Souza,,,,,
1748,Angels Apocalypse,,2015,1.7,,Sean Cain,Enzo Zelocchi,,,,
1749,The Cost of Deception,,2021,1.5,,Keith English,,,,,
1750,Sadak 2,133,2020,1.2,,Mahesh Bhatt,,,,,
